Time, CWND, SlowStart?, ssthresh
1638384221, 1, 1, 10
1638384222, 2, 0, 2
1638384222, 2, 0, 2
1638384222, 2, 0, 2
1638384222, 2, 0, 2
1638384222, 2, 0, 2
1638384222, 2, 0, 2
1638384222, 2, 0, 2
1638384222, 2, 0, 2
1638384222, 3, 0, 2
1638384222, 3, 0, 2
1638384222, 3, 0, 2
1638384222, 3, 0, 2
1638384222, 4, 0, 2
1638384222, 4, 0, 2
1638384222, 4, 0, 2
1638384222, 4, 0, 2
1638384222, 4, 0, 2
1638384222, 5, 0, 2
1638384222, 5, 0, 2
1638384222, 5, 0, 2
1638384222, 5, 0, 2
1638384222, 5, 0, 2
1638384222, 6, 0, 2
1638384222, 6, 0, 2
1638384222, 6, 0, 2
1638384222, 6, 0, 2
1638384222, 6, 0, 2
1638384222, 6, 0, 2
1638384222, 7, 0, 2
1638384222, 7, 0, 2
1638384222, 7, 0, 2
1638384222, 7, 0, 2
1638384222, 7, 0, 2
1638384222, 7, 0, 2
1638384222, 7, 0, 2
1638384222, 8, 0, 2
1638384222, 8, 0, 2
1638384222, 8, 0, 2
1638384222, 8, 0, 2
1638384222, 8, 0, 2
1638384222, 8, 0, 2
1638384222, 8, 0, 2
1638384223, 8, 0, 2
1638384223, 9, 0, 2
1638384223, 9, 0, 2
1638384223, 9, 0, 2
1638384223, 9, 0, 2
1638384223, 9, 0, 2
1638384223, 9, 0, 2
1638384223, 9, 0, 2
1638384223, 9, 0, 2
1638384223, 9, 0, 2
1638384223, 10, 0, 2
1638384223, 10, 0, 2
1638384223, 10, 0, 2
1638384223, 10, 0, 2
1638384223, 10, 0, 2
1638384223, 10, 0, 2
1638384223, 10, 0, 2
1638384223, 10, 0, 2
1638384223, 10, 0, 2
1638384223, 10, 0, 2
1638384223, 11, 0, 2
1638384223, 11, 0, 2
1638384223, 11, 0, 2
1638384223, 11, 0, 2
1638384223, 11, 0, 2
1638384223, 11, 0, 2
1638384223, 11, 0, 2
1638384223, 11, 0, 2
1638384223, 11, 0, 2
1638384223, 11, 0, 2
1638384223, 11, 0, 2
1638384223, 12, 0, 2
1638384223, 12, 0, 2
1638384223, 12, 0, 2
1638384223, 12, 0, 2
1638384223, 12, 0, 2
1638384223, 12, 0, 2
1638384223, 12, 0, 2
1638384223, 12, 0, 2
1638384223, 12, 0, 2
1638384223, 12, 0, 2
1638384223, 12, 0, 2
1638384223, 12, 0, 2
1638384223, 13, 0, 2
1638384223, 13, 0, 2
1638384223, 13, 0, 2
1638384223, 13, 0, 2
1638384223, 13, 0, 2
1638384223, 13, 0, 2
1638384223, 13, 0, 2
1638384223, 13, 0, 2
1638384223, 13, 0, 2
1638384223, 13, 0, 2
1638384223, 13, 0, 2
1638384223, 13, 0, 2
1638384223, 13, 0, 2
1638384223, 14, 0, 2
1638384223, 14, 0, 2
1638384223, 14, 0, 2
1638384223, 14, 0, 2
1638384223, 14, 0, 2
1638384223, 14, 0, 2
1638384223, 14, 0, 2
1638384223, 14, 0, 2
1638384223, 14, 0, 2
1638384223, 14, 0, 2
1638384223, 14, 0, 2
1638384223, 14, 0, 2
1638384223, 14, 0, 2
1638384223, 14, 0, 2
1638384223, 15, 0, 2
1638384223, 15, 0, 2
1638384223, 15, 0, 2
1638384223, 15, 0, 2
1638384223, 15, 0, 2
1638384223, 15, 0, 2
1638384223, 15, 0, 2
1638384223, 15, 0, 2
1638384223, 15, 0, 2
1638384223, 15, 0, 2
1638384223, 15, 0, 2
1638384223, 15, 0, 2
1638384223, 15, 0, 2
1638384223, 15, 0, 2
1638384223, 15, 0, 2
1638384223, 16, 0, 2
1638384223, 16, 0, 2
1638384223, 16, 0, 2
1638384223, 16, 0, 2
1638384223, 16, 0, 2
1638384223, 16, 0, 2
1638384223, 16, 0, 2
1638384223, 16, 0, 2
1638384223, 16, 0, 2
1638384223, 16, 0, 2
1638384223, 16, 0, 2
1638384223, 16, 0, 2
1638384223, 16, 0, 2
1638384223, 16, 0, 2
1638384223, 16, 0, 2
1638384223, 16, 0, 2
1638384223, 17, 0, 2
1638384223, 17, 0, 2
1638384223, 17, 0, 2
1638384223, 17, 0, 2
1638384223, 17, 0, 2
1638384223, 17, 0, 2
1638384223, 17, 0, 2
1638384223, 17, 0, 2
1638384223, 17, 0, 2
1638384223, 17, 0, 2
1638384224, 17, 0, 2
1638384224, 17, 0, 2
1638384224, 17, 0, 2
1638384224, 17, 0, 2
1638384224, 17, 0, 2
1638384224, 17, 0, 2
1638384224, 17, 0, 2
1638384224, 18, 0, 2
1638384224, 18, 0, 2
1638384224, 18, 0, 2
1638384224, 18, 0, 2
1638384224, 18, 0, 2
1638384224, 18, 0, 2
1638384224, 18, 0, 2
1638384224, 18, 0, 2
1638384224, 18, 0, 2
1638384224, 18, 0, 2
1638384224, 18, 0, 2
1638384224, 18, 0, 2
1638384224, 18, 0, 2
1638384224, 18, 0, 2
1638384224, 18, 0, 2
1638384224, 18, 0, 2
1638384224, 18, 0, 2
1638384224, 18, 0, 2
1638384224, 19, 0, 2
1638384224, 19, 0, 2
1638384224, 19, 0, 2
1638384224, 19, 0, 2
1638384224, 19, 0, 2
1638384224, 19, 0, 2
1638384224, 19, 0, 2
1638384224, 19, 0, 2
1638384224, 19, 0, 2
1638384224, 19, 0, 2
1638384224, 19, 0, 2
1638384224, 19, 0, 2
1638384224, 19, 0, 2
1638384224, 19, 0, 2
1638384224, 19, 0, 2
1638384224, 19, 0, 2
1638384224, 19, 0, 2
1638384224, 19, 0, 2
1638384224, 19, 0, 2
1638384224, 20, 0, 2
1638384224, 20, 0, 2
1638384224, 20, 0, 2
1638384224, 20, 0, 2
1638384224, 20, 0, 2
1638384224, 20, 0, 2
1638384224, 20, 0, 2
1638384224, 20, 0, 2
1638384224, 20, 0, 2
1638384224, 20, 0, 2
1638384224, 20, 0, 2
1638384224, 20, 0, 2
1638384224, 20, 0, 2
1638384224, 20, 0, 2
1638384224, 20, 0, 2
1638384224, 20, 0, 2
1638384224, 20, 0, 2
1638384224, 20, 0, 2
1638384224, 20, 0, 2
1638384224, 20, 0, 2
1638384224, 21, 0, 2
1638384224, 21, 0, 2
1638384224, 21, 0, 2
1638384224, 21, 0, 2
1638384224, 21, 0, 2
1638384224, 21, 0, 2
1638384224, 21, 0, 2
1638384224, 21, 0, 2
1638384224, 21, 0, 2
1638384224, 21, 0, 2
1638384224, 21, 0, 2
1638384224, 21, 0, 2
1638384224, 21, 0, 2
1638384224, 21, 0, 2
1638384224, 21, 0, 2
1638384224, 21, 0, 2
1638384224, 21, 0, 2
1638384224, 21, 0, 2
1638384224, 21, 0, 2
1638384224, 21, 0, 2
1638384224, 21, 0, 2
1638384224, 22, 0, 2
1638384224, 22, 0, 2
1638384224, 22, 0, 2
1638384224, 22, 0, 2
1638384224, 22, 0, 2
1638384224, 22, 0, 2
1638384224, 22, 0, 2
1638384224, 22, 0, 2
1638384224, 22, 0, 2
1638384224, 22, 0, 2
1638384224, 22, 0, 2
1638384224, 22, 0, 2
1638384224, 22, 0, 2
1638384224, 22, 0, 2
1638384224, 22, 0, 2
1638384224, 22, 0, 2
1638384224, 22, 0, 2
1638384224, 22, 0, 2
1638384224, 22, 0, 2
1638384224, 22, 0, 2
1638384224, 22, 0, 2
1638384224, 22, 0, 2
1638384224, 23, 0, 2
1638384224, 23, 0, 2
1638384224, 23, 0, 2
1638384224, 23, 0, 2
1638384224, 23, 0, 2
1638384224, 23, 0, 2
1638384224, 23, 0, 2
1638384224, 23, 0, 2
1638384224, 23, 0, 2
1638384224, 23, 0, 2
1638384224, 23, 0, 2
1638384224, 23, 0, 2
1638384224, 23, 0, 2
1638384224, 23, 0, 2
1638384224, 23, 0, 2
1638384224, 23, 0, 2
1638384224, 23, 0, 2
1638384224, 23, 0, 2
1638384224, 23, 0, 2
1638384224, 23, 0, 2
1638384224, 23, 0, 2
1638384224, 23, 0, 2
1638384224, 23, 0, 2
1638384224, 24, 0, 2
1638384224, 24, 0, 2
1638384224, 24, 0, 2
1638384224, 24, 0, 2
1638384224, 24, 0, 2
1638384224, 24, 0, 2
1638384224, 24, 0, 2
1638384224, 24, 0, 2
1638384224, 24, 0, 2
1638384224, 24, 0, 2
1638384224, 24, 0, 2
1638384224, 24, 0, 2
1638384224, 24, 0, 2
1638384224, 24, 0, 2
1638384225, 24, 0, 2
1638384225, 24, 0, 2
1638384225, 24, 0, 2
1638384225, 24, 0, 2
1638384225, 24, 0, 2
1638384225, 24, 0, 2
1638384225, 24, 0, 2
1638384225, 24, 0, 2
1638384225, 24, 0, 2
1638384225, 24, 0, 2
1638384225, 24, 0, 2
1638384225, 24, 0, 2
1638384225, 24, 0, 2
1638384225, 24, 0, 2
1638384225, 24, 0, 2
1638384225, 24, 0, 2
1638384225, 24, 0, 2
1638384226, 24, 0, 2
1638384226, 24, 0, 2
1638384226, 24, 0, 2
1638384226, 24, 0, 2
1638384226, 24, 0, 2
1638384226, 24, 0, 2
1638384226, 24, 0, 2
1638384226, 24, 0, 2
1638384226, 24, 0, 2
1638384226, 24, 0, 2
1638384226, 24, 0, 2
1638384226, 24, 0, 2
1638384226, 24, 0, 2
1638384226, 24, 0, 2
1638384226, 24, 0, 2
1638384226, 24, 0, 2
1638384226, 24, 0, 2
1638384226, 24, 0, 2
1638384226, 24, 0, 2
1638384226, 24, 0, 2
1638384226, 24, 0, 2
1638384226, 24, 0, 2
1638384226, 24, 0, 2
1638384226, 24, 0, 2
1638384226, 24, 0, 2
1638384226, 24, 0, 2
1638384226, 24, 0, 2
1638384226, 24, 0, 2
1638384226, 24, 0, 2
1638384226, 24, 0, 2
1638384226, 24, 0, 2
1638384226, 24, 0, 2
1638384226, 24, 0, 2
1638384226, 24, 0, 2
1638384226, 24, 0, 2
1638384226, 24, 0, 2
1638384226, 24, 0, 2
1638384226, 24, 0, 2
1638384226, 24, 0, 2
1638384226, 24, 0, 2
1638384226, 24, 0, 2
1638384226, 24, 0, 2
1638384226, 24, 0, 2
1638384226, 24, 0, 2
1638384226, 24, 0, 2
1638384226, 24, 0, 2
1638384226, 24, 0, 2
1638384226, 24, 0, 2
1638384226, 24, 0, 2
1638384226, 24, 0, 2
1638384226, 24, 0, 2
1638384226, 24, 0, 2
1638384226, 24, 0, 2
1638384226, 24, 0, 2
1638384226, 24, 0, 2
1638384226, 24, 0, 2
1638384226, 24, 0, 2
1638384226, 24, 0, 2
1638384226, 24, 0, 2
1638384226, 24, 0, 2
1638384226, 24, 0, 2
1638384226, 24, 0, 2
1638384226, 24, 0, 2
1638384226, 24, 0, 2
1638384226, 24, 0, 2
1638384226, 24, 0, 2
1638384226, 24, 0, 2
1638384226, 24, 0, 2
1638384226, 24, 0, 2
1638384226, 24, 0, 2
1638384226, 24, 0, 2
1638384226, 24, 0, 2
1638384226, 24, 0, 2
1638384226, 24, 0, 2
1638384226, 24, 0, 2
1638384226, 24, 0, 2
1638384226, 24, 0, 2
1638384226, 24, 0, 2
1638384226, 24, 0, 2
1638384226, 24, 0, 2
1638384226, 24, 0, 2
1638384226, 24, 0, 2
1638384226, 24, 0, 2
1638384226, 24, 0, 2
1638384226, 24, 0, 2
1638384226, 24, 0, 2
1638384226, 24, 0, 2
1638384226, 24, 0, 2
1638384226, 24, 0, 2
1638384226, 24, 0, 2
1638384226, 24, 0, 2
1638384226, 24, 0, 2
1638384226, 24, 0, 2
1638384226, 24, 0, 2
1638384226, 24, 0, 2
1638384226, 24, 0, 2
1638384226, 24, 0, 2
1638384226, 24, 0, 2
1638384226, 24, 0, 2
1638384226, 24, 0, 2
1638384226, 24, 0, 2
1638384226, 24, 0, 2
1638384226, 24, 0, 2
1638384226, 24, 0, 2
1638384226, 24, 0, 2
1638384226, 24, 0, 2
1638384226, 24, 0, 2
1638384226, 24, 0, 2
1638384226, 24, 0, 2
1638384226, 24, 0, 2
1638384226, 24, 0, 2
1638384226, 24, 0, 2
1638384226, 24, 0, 2
1638384226, 24, 0, 2
1638384226, 24, 0, 2
1638384226, 24, 0, 2
1638384226, 24, 0, 2
1638384226, 24, 0, 2
1638384226, 24, 0, 2
1638384226, 24, 0, 2
1638384226, 24, 0, 2
1638384226, 24, 0, 2
1638384226, 24, 0, 2
1638384226, 24, 0, 2
1638384226, 24, 0, 2
1638384226, 24, 0, 2
1638384226, 24, 0, 2
1638384226, 24, 0, 2
1638384226, 24, 0, 2
1638384226, 24, 0, 2
1638384226, 24, 0, 2
1638384226, 24, 0, 2
1638384226, 24, 0, 2
1638384226, 24, 0, 2
1638384226, 24, 0, 2
1638384226, 24, 0, 2
1638384226, 24, 0, 2
1638384226, 24, 0, 2
1638384226, 24, 0, 2
1638384226, 24, 0, 2
1638384226, 24, 0, 2
1638384226, 24, 0, 2
1638384226, 24, 0, 2
1638384226, 24, 0, 2
1638384226, 24, 0, 2
1638384226, 24, 0, 2
1638384226, 24, 0, 2
1638384226, 24, 0, 2
1638384226, 24, 0, 2
1638384226, 24, 0, 2
1638384226, 24, 0, 2
1638384227, 24, 0, 2
1638384227, 24, 0, 2
1638384227, 24, 0, 2
1638384227, 24, 0, 2
1638384227, 24, 0, 2
1638384227, 24, 0, 2
1638384227, 24, 0, 2
1638384227, 24, 0, 2
1638384227, 24, 0, 2
1638384227, 24, 0, 2
1638384227, 24, 0, 2
1638384227, 24, 0, 2
1638384227, 24, 0, 2
1638384227, 24, 0, 2
1638384227, 24, 0, 2
1638384227, 24, 0, 2
1638384227, 24, 0, 2
1638384227, 24, 0, 2
1638384227, 24, 0, 2
1638384227, 24, 0, 2
1638384227, 24, 0, 2
1638384227, 24, 0, 2
1638384227, 24, 0, 2
1638384227, 24, 0, 2
1638384227, 24, 0, 2
1638384227, 24, 0, 2
1638384227, 24, 0, 2
1638384227, 24, 0, 2
1638384227, 24, 0, 2
1638384227, 24, 0, 2
1638384227, 24, 0, 2
1638384227, 24, 0, 2
1638384227, 24, 0, 2
1638384227, 24, 0, 2
1638384227, 24, 0, 2
1638384227, 24, 0, 2
1638384227, 24, 0, 2
1638384227, 24, 0, 2
1638384227, 24, 0, 2
1638384227, 24, 0, 2
1638384227, 24, 0, 2
1638384227, 24, 0, 2
1638384227, 24, 0, 2
1638384227, 24, 0, 2
1638384227, 24, 0, 2
1638384227, 24, 0, 2
1638384227, 24, 0, 2
1638384227, 24, 0, 2
1638384227, 24, 0, 2
1638384227, 24, 0, 2
1638384227, 24, 0, 2
1638384227, 24, 0, 2
1638384227, 24, 0, 2
1638384227, 24, 0, 2
1638384227, 24, 0, 2
1638384227, 24, 0, 2
1638384227, 24, 0, 2
1638384227, 24, 0, 2
1638384227, 24, 0, 2
1638384227, 24, 0, 2
1638384227, 24, 0, 2
1638384227, 24, 0, 2
1638384227, 24, 0, 2
1638384227, 24, 0, 2
1638384227, 24, 0, 2
1638384227, 24, 0, 2
1638384227, 24, 0, 2
1638384227, 24, 0, 2
1638384227, 24, 0, 2
1638384227, 24, 0, 2
1638384227, 24, 0, 2
1638384227, 24, 0, 2
1638384227, 24, 0, 2
1638384227, 24, 0, 2
1638384227, 24, 0, 2
1638384227, 24, 0, 2
1638384227, 24, 0, 2
1638384227, 24, 0, 2
1638384227, 24, 0, 2
1638384227, 24, 0, 2
1638384227, 24, 0, 2
1638384227, 24, 0, 2
1638384227, 24, 0, 2
1638384227, 24, 0, 2
1638384227, 24, 0, 2
1638384227, 24, 0, 2
1638384227, 24, 0, 2
1638384227, 24, 0, 2
1638384227, 24, 0, 2
1638384227, 24, 0, 2
1638384227, 24, 0, 2
1638384227, 24, 0, 2
1638384227, 24, 0, 2
1638384227, 24, 0, 2
1638384227, 24, 0, 2
1638384227, 24, 0, 2
1638384227, 24, 0, 2
1638384227, 24, 0, 2
1638384227, 24, 0, 2
1638384227, 24, 0, 2
1638384227, 24, 0, 2
1638384227, 24, 0, 2
1638384227, 24, 0, 2
1638384227, 24, 0, 2
1638384227, 24, 0, 2
1638384227, 24, 0, 2
1638384227, 24, 0, 2
1638384227, 24, 0, 2
1638384227, 24, 0, 2
1638384227, 24, 0, 2
1638384227, 24, 0, 2
1638384227, 24, 0, 2
1638384227, 24, 0, 2
1638384227, 24, 0, 2
1638384227, 24, 0, 2
1638384227, 24, 0, 2
1638384227, 24, 0, 2
1638384227, 24, 0, 2
1638384227, 24, 0, 2
1638384227, 24, 0, 2
1638384227, 24, 0, 2
1638384227, 24, 0, 2
1638384227, 24, 0, 2
1638384227, 24, 0, 2
1638384227, 24, 0, 2
1638384227, 24, 0, 2
1638384227, 24, 0, 2
1638384227, 24, 0, 2
1638384227, 24, 0, 2
1638384227, 24, 0, 2
1638384227, 24, 0, 2
1638384227, 24, 0, 2
1638384227, 24, 0, 2
1638384227, 24, 0, 2
1638384227, 24, 0, 2
1638384227, 24, 0, 2
1638384227, 24, 0, 2
1638384227, 24, 0, 2
1638384227, 24, 0, 2
1638384227, 24, 0, 2
1638384227, 24, 0, 2
1638384227, 24, 0, 2
1638384227, 24, 0, 2
1638384227, 24, 0, 2
1638384227, 24, 0, 2
1638384227, 24, 0, 2
1638384228, 24, 0, 2
1638384228, 24, 0, 2
1638384228, 24, 0, 2
1638384228, 24, 0, 2
1638384228, 24, 0, 2
1638384228, 24, 0, 2
1638384228, 24, 0, 2
1638384228, 24, 0, 2
1638384228, 24, 0, 2
1638384228, 24, 0, 2
1638384228, 24, 0, 2
1638384228, 24, 0, 2
1638384228, 24, 0, 2
1638384228, 24, 0, 2
1638384228, 24, 0, 2
1638384228, 24, 0, 2
1638384228, 24, 0, 2
1638384228, 24, 0, 2
1638384228, 24, 0, 2
1638384228, 24, 0, 2
1638384228, 24, 0, 2
1638384228, 24, 0, 2
1638384228, 24, 0, 2
1638384228, 24, 0, 2
1638384228, 24, 0, 2
1638384228, 24, 0, 2
1638384228, 24, 0, 2
1638384228, 24, 0, 2
1638384228, 24, 0, 2
1638384228, 24, 0, 2
1638384228, 24, 0, 2
1638384228, 24, 0, 2
1638384228, 24, 0, 2
1638384228, 24, 0, 2
1638384228, 24, 0, 2
1638384228, 24, 0, 2
1638384228, 24, 0, 2
1638384228, 24, 0, 2
1638384228, 24, 0, 2
1638384228, 24, 0, 2
1638384228, 24, 0, 2
1638384228, 24, 0, 2
1638384228, 24, 0, 2
1638384228, 24, 0, 2
1638384228, 24, 0, 2
1638384228, 24, 0, 2
1638384228, 24, 0, 2
1638384228, 24, 0, 2
1638384228, 24, 0, 2
1638384228, 24, 0, 2
1638384228, 24, 0, 2
1638384228, 24, 0, 2
1638384228, 24, 0, 2
1638384228, 24, 0, 2
1638384228, 24, 0, 2
1638384228, 24, 0, 2
1638384228, 24, 0, 2
1638384228, 24, 0, 2
1638384228, 24, 0, 2
1638384228, 24, 0, 2
1638384228, 24, 0, 2
1638384228, 24, 0, 2
1638384228, 24, 0, 2
1638384228, 24, 0, 2
1638384228, 24, 0, 2
1638384228, 24, 0, 2
1638384228, 24, 0, 2
1638384228, 24, 0, 2
1638384228, 24, 0, 2
1638384228, 24, 0, 2
1638384228, 24, 0, 2
1638384228, 24, 0, 2
1638384228, 24, 0, 2
1638384228, 24, 0, 2
1638384228, 24, 0, 2
1638384228, 24, 0, 2
1638384228, 24, 0, 2
1638384228, 24, 0, 2
1638384228, 24, 0, 2
1638384228, 24, 0, 2
1638384228, 24, 0, 2
1638384228, 24, 0, 2
1638384228, 24, 0, 2
1638384228, 24, 0, 2
1638384228, 24, 0, 2
1638384228, 24, 0, 2
1638384228, 24, 0, 2
1638384228, 24, 0, 2
1638384228, 24, 0, 2
1638384228, 24, 0, 2
1638384228, 24, 0, 2
1638384228, 24, 0, 2
1638384228, 24, 0, 2
1638384228, 24, 0, 2
1638384228, 24, 0, 2
1638384228, 24, 0, 2
1638384228, 24, 0, 2
1638384228, 24, 0, 2
1638384228, 24, 0, 2
1638384228, 24, 0, 2
1638384228, 24, 0, 2
1638384228, 24, 0, 2
1638384228, 24, 0, 2
1638384228, 24, 0, 2
1638384228, 24, 0, 2
1638384228, 24, 0, 2
1638384228, 24, 0, 2
1638384228, 24, 0, 2
1638384228, 24, 0, 2
1638384228, 24, 0, 2
1638384228, 24, 0, 2
1638384228, 24, 0, 2
1638384228, 24, 0, 2
1638384228, 24, 0, 2
1638384228, 24, 0, 2
1638384228, 24, 0, 2
1638384228, 24, 0, 2
1638384228, 24, 0, 2
1638384228, 24, 0, 2
1638384228, 24, 0, 2
1638384228, 24, 0, 2
1638384228, 24, 0, 2
1638384228, 24, 0, 2
1638384228, 24, 0, 2
1638384228, 24, 0, 2
1638384228, 24, 0, 2
1638384228, 24, 0, 2
1638384228, 24, 0, 2
1638384228, 24, 0, 2
1638384228, 24, 0, 2
1638384228, 24, 0, 2
1638384228, 24, 0, 2
1638384228, 24, 0, 2
1638384228, 24, 0, 2
1638384228, 24, 0, 2
1638384228, 24, 0, 2
1638384228, 24, 0, 2
1638384228, 24, 0, 2
1638384228, 24, 0, 2
1638384228, 24, 0, 2
1638384228, 24, 0, 2
1638384228, 24, 0, 2
1638384228, 24, 0, 2
1638384228, 24, 0, 2
1638384228, 24, 0, 2
1638384228, 24, 0, 2
1638384228, 24, 0, 2
1638384228, 24, 0, 2
1638384228, 24, 0, 2
1638384228, 24, 0, 2
1638384228, 24, 0, 2
1638384228, 24, 0, 2
1638384228, 24, 0, 2
1638384228, 24, 0, 2
1638384228, 24, 0, 2
1638384228, 24, 0, 2
1638384228, 24, 0, 2
1638384228, 24, 0, 2
1638384229, 24, 0, 2
1638384229, 24, 0, 2
1638384229, 24, 0, 2
1638384229, 24, 0, 2
1638384229, 24, 0, 2
1638384229, 24, 0, 2
1638384229, 24, 0, 2
1638384229, 24, 0, 2
1638384229, 24, 0, 2
1638384229, 24, 0, 2
1638384229, 24, 0, 2
1638384229, 24, 0, 2
1638384229, 24, 0, 2
1638384229, 24, 0, 2
1638384229, 24, 0, 2
1638384229, 24, 0, 2
1638384229, 24, 0, 2
1638384229, 24, 0, 2
1638384229, 24, 0, 2
1638384229, 24, 0, 2
1638384229, 24, 0, 2
1638384229, 24, 0, 2
1638384229, 24, 0, 2
1638384229, 24, 0, 2
1638384229, 24, 0, 2
1638384229, 24, 0, 2
1638384229, 24, 0, 2
1638384229, 24, 0, 2
1638384229, 24, 0, 2
1638384229, 24, 0, 2
1638384229, 24, 0, 2
1638384229, 24, 0, 2
1638384229, 24, 0, 2
1638384229, 24, 0, 2
1638384229, 24, 0, 2
1638384229, 24, 0, 2
1638384229, 24, 0, 2
1638384229, 24, 0, 2
1638384229, 24, 0, 2
1638384229, 24, 0, 2
1638384229, 24, 0, 2
1638384229, 24, 0, 2
1638384229, 24, 0, 2
1638384229, 24, 0, 2
1638384229, 24, 0, 2
1638384229, 24, 0, 2
1638384229, 24, 0, 2
1638384229, 24, 0, 2
1638384229, 24, 0, 2
1638384229, 24, 0, 2
1638384229, 24, 0, 2
1638384229, 24, 0, 2
1638384229, 24, 0, 2
1638384229, 24, 0, 2
1638384229, 24, 0, 2
1638384229, 24, 0, 2
1638384229, 24, 0, 2
1638384229, 24, 0, 2
1638384229, 24, 0, 2
1638384229, 24, 0, 2
1638384229, 24, 0, 2
1638384229, 24, 0, 2
1638384229, 24, 0, 2
1638384229, 24, 0, 2
1638384229, 24, 0, 2
1638384229, 24, 0, 2
1638384229, 24, 0, 2
1638384229, 24, 0, 2
1638384229, 24, 0, 2
1638384229, 24, 0, 2
1638384229, 24, 0, 2
1638384229, 24, 0, 2
1638384229, 24, 0, 2
1638384229, 24, 0, 2
1638384229, 24, 0, 2
1638384229, 24, 0, 2
1638384229, 24, 0, 2
1638384229, 24, 0, 2
1638384229, 24, 0, 2
1638384229, 24, 0, 2
1638384229, 24, 0, 2
1638384229, 24, 0, 2
1638384229, 24, 0, 2
1638384229, 24, 0, 2
1638384229, 24, 0, 2
1638384229, 24, 0, 2
1638384229, 24, 0, 2
1638384229, 24, 0, 2
1638384229, 24, 0, 2
1638384229, 24, 0, 2
1638384229, 24, 0, 2
1638384229, 24, 0, 2
1638384229, 24, 0, 2
1638384229, 24, 0, 2
1638384229, 24, 0, 2
1638384229, 24, 0, 2
1638384229, 24, 0, 2
1638384229, 24, 0, 2
1638384229, 24, 0, 2
1638384229, 24, 0, 2
1638384229, 24, 0, 2
1638384229, 24, 0, 2
1638384229, 24, 0, 2
1638384229, 24, 0, 2
1638384229, 24, 0, 2
1638384229, 24, 0, 2
1638384229, 24, 0, 2
1638384229, 24, 0, 2
1638384229, 24, 0, 2
1638384229, 24, 0, 2
1638384229, 24, 0, 2
1638384229, 24, 0, 2
1638384229, 24, 0, 2
1638384229, 24, 0, 2
1638384229, 24, 0, 2
1638384229, 24, 0, 2
1638384229, 24, 0, 2
1638384229, 24, 0, 2
1638384229, 24, 0, 2
1638384229, 24, 0, 2
1638384229, 24, 0, 2
1638384229, 24, 0, 2
1638384229, 24, 0, 2
1638384229, 24, 0, 2
1638384229, 24, 0, 2
1638384230, 24, 0, 2
1638384230, 24, 0, 2
1638384230, 24, 0, 2
1638384230, 24, 0, 2
1638384230, 24, 0, 2
1638384230, 24, 0, 2
1638384230, 24, 0, 2
1638384230, 24, 0, 2
1638384230, 24, 0, 2
1638384230, 25, 0, 2
1638384230, 25, 0, 2
1638384230, 25, 0, 2
1638384230, 25, 0, 2
1638384230, 25, 0, 2
1638384230, 25, 0, 2
1638384230, 25, 0, 2
1638384230, 25, 0, 2
1638384230, 25, 0, 2
1638384230, 25, 0, 2
1638384230, 25, 0, 2
1638384230, 25, 0, 2
1638384230, 25, 0, 2
1638384230, 25, 0, 2
1638384230, 25, 0, 2
1638384230, 25, 0, 2
1638384230, 25, 0, 2
1638384230, 25, 0, 2
1638384230, 25, 0, 2
1638384230, 25, 0, 2
1638384230, 25, 0, 2
1638384230, 25, 0, 2
1638384230, 25, 0, 2
1638384230, 25, 0, 2
1638384230, 25, 0, 2
1638384230, 25, 0, 2
1638384230, 25, 0, 2
1638384230, 25, 0, 2
1638384230, 25, 0, 2
1638384230, 25, 0, 2
1638384230, 25, 0, 2
1638384230, 25, 0, 2
1638384230, 25, 0, 2
1638384230, 25, 0, 2
1638384230, 25, 0, 2
1638384230, 25, 0, 2
1638384230, 25, 0, 2
1638384230, 25, 0, 2
1638384230, 25, 0, 2
1638384230, 25, 0, 2
1638384230, 25, 0, 2
1638384230, 25, 0, 2
1638384230, 25, 0, 2
1638384230, 25, 0, 2
1638384230, 25, 0, 2
1638384230, 25, 0, 2
1638384230, 25, 0, 2
1638384230, 25, 0, 2
1638384230, 25, 0, 2
1638384230, 25, 0, 2
1638384230, 25, 0, 2
1638384230, 25, 0, 2
1638384230, 25, 0, 2
1638384230, 25, 0, 2
1638384230, 25, 0, 2
1638384230, 25, 0, 2
1638384230, 25, 0, 2
1638384230, 25, 0, 2
1638384230, 25, 0, 2
1638384230, 25, 0, 2
1638384230, 25, 0, 2
1638384230, 25, 0, 2
1638384230, 25, 0, 2
1638384230, 25, 0, 2
1638384230, 25, 0, 2
1638384230, 25, 0, 2
1638384230, 25, 0, 2
1638384230, 25, 0, 2
1638384230, 25, 0, 2
1638384230, 25, 0, 2
1638384230, 25, 0, 2
1638384230, 25, 0, 2
1638384230, 25, 0, 2
1638384230, 25, 0, 2
1638384230, 25, 0, 2
1638384230, 25, 0, 2
1638384230, 25, 0, 2
1638384230, 25, 0, 2
1638384230, 25, 0, 2
1638384230, 25, 0, 2
1638384230, 25, 0, 2
1638384230, 25, 0, 2
1638384230, 25, 0, 2
1638384230, 25, 0, 2
1638384230, 25, 0, 2
1638384230, 25, 0, 2
1638384230, 25, 0, 2
1638384230, 25, 0, 2
1638384230, 25, 0, 2
1638384230, 25, 0, 2
1638384230, 25, 0, 2
1638384230, 25, 0, 2
1638384230, 25, 0, 2
1638384230, 25, 0, 2
1638384230, 25, 0, 2
1638384230, 25, 0, 2
1638384230, 25, 0, 2
1638384230, 25, 0, 2
1638384230, 25, 0, 2
1638384230, 25, 0, 2
1638384230, 25, 0, 2
1638384230, 25, 0, 2
1638384230, 25, 0, 2
1638384230, 25, 0, 2
1638384230, 25, 0, 2
1638384230, 25, 0, 2
1638384230, 25, 0, 2
1638384230, 25, 0, 2
1638384230, 25, 0, 2
1638384230, 25, 0, 2
1638384230, 25, 0, 2
1638384230, 25, 0, 2
1638384230, 25, 0, 2
1638384230, 25, 0, 2
1638384230, 25, 0, 2
1638384230, 25, 0, 2
1638384230, 25, 0, 2
1638384230, 25, 0, 2
1638384230, 25, 0, 2
1638384230, 25, 0, 2
1638384230, 25, 0, 2
1638384230, 25, 0, 2
1638384230, 25, 0, 2
1638384230, 25, 0, 2
1638384230, 25, 0, 2
1638384230, 25, 0, 2
1638384230, 25, 0, 2
1638384230, 25, 0, 2
1638384230, 25, 0, 2
1638384230, 25, 0, 2
1638384230, 25, 0, 2
1638384230, 25, 0, 2
1638384230, 25, 0, 2
1638384230, 25, 0, 2
1638384230, 25, 0, 2
1638384230, 25, 0, 2
1638384230, 25, 0, 2
1638384230, 25, 0, 2
1638384230, 25, 0, 2
1638384230, 25, 0, 2
1638384230, 25, 0, 2
1638384230, 25, 0, 2
1638384230, 25, 0, 2
1638384230, 25, 0, 2
1638384230, 25, 0, 2
1638384230, 25, 0, 2
1638384230, 25, 0, 2
1638384230, 25, 0, 2
1638384230, 25, 0, 2
1638384230, 25, 0, 2
1638384230, 25, 0, 2
1638384231, 25, 0, 2
1638384231, 25, 0, 2
1638384231, 25, 0, 2
1638384231, 25, 0, 2
1638384231, 25, 0, 2
1638384231, 25, 0, 2
1638384231, 25, 0, 2
1638384231, 25, 0, 2
1638384231, 25, 0, 2
1638384231, 25, 0, 2
1638384231, 25, 0, 2
1638384231, 25, 0, 2
1638384231, 25, 0, 2
1638384231, 25, 0, 2
1638384231, 25, 0, 2
1638384231, 25, 0, 2
1638384231, 25, 0, 2
1638384231, 25, 0, 2
1638384231, 25, 0, 2
1638384231, 25, 0, 2
1638384231, 25, 0, 2
1638384231, 25, 0, 2
1638384231, 25, 0, 2
1638384231, 25, 0, 2
1638384231, 25, 0, 2
1638384231, 25, 0, 2
1638384231, 25, 0, 2
1638384231, 25, 0, 2
1638384231, 25, 0, 2
1638384231, 25, 0, 2
1638384231, 25, 0, 2
1638384231, 25, 0, 2
1638384231, 25, 0, 2
1638384231, 25, 0, 2
1638384231, 25, 0, 2
1638384231, 25, 0, 2
1638384231, 25, 0, 2
1638384231, 25, 0, 2
1638384231, 25, 0, 2
1638384231, 25, 0, 2
1638384231, 25, 0, 2
1638384231, 25, 0, 2
1638384231, 25, 0, 2
1638384231, 25, 0, 2
1638384231, 25, 0, 2
1638384231, 25, 0, 2
1638384231, 25, 0, 2
1638384231, 25, 0, 2
1638384231, 25, 0, 2
1638384231, 25, 0, 2
1638384231, 25, 0, 2
1638384231, 25, 0, 2
1638384231, 25, 0, 2
1638384231, 25, 0, 2
1638384231, 25, 0, 2
1638384231, 25, 0, 2
1638384231, 25, 0, 2
1638384231, 25, 0, 2
1638384231, 25, 0, 2
1638384231, 25, 0, 2
1638384231, 25, 0, 2
1638384231, 25, 0, 2
1638384231, 25, 0, 2
1638384231, 25, 0, 2
1638384231, 25, 0, 2
1638384231, 25, 0, 2
1638384231, 25, 0, 2
1638384231, 25, 0, 2
1638384231, 25, 0, 2
1638384231, 25, 0, 2
1638384231, 25, 0, 2
1638384231, 25, 0, 2
1638384231, 25, 0, 2
1638384231, 25, 0, 2
1638384231, 25, 0, 2
1638384231, 25, 0, 2
1638384231, 25, 0, 2
1638384231, 25, 0, 2
1638384231, 25, 0, 2
1638384231, 25, 0, 2
1638384231, 25, 0, 2
1638384231, 25, 0, 2
1638384231, 25, 0, 2
1638384231, 25, 0, 2
1638384231, 25, 0, 2
1638384231, 25, 0, 2
1638384231, 25, 0, 2
1638384231, 25, 0, 2
1638384231, 25, 0, 2
1638384231, 25, 0, 2
1638384231, 25, 0, 2
1638384231, 25, 0, 2
1638384231, 25, 0, 2
1638384231, 25, 0, 2
1638384231, 25, 0, 2
1638384231, 25, 0, 2
1638384231, 25, 0, 2
1638384231, 25, 0, 2
1638384231, 25, 0, 2
1638384231, 25, 0, 2
1638384231, 25, 0, 2
1638384231, 25, 0, 2
1638384231, 25, 0, 2
1638384231, 25, 0, 2
1638384231, 25, 0, 2
1638384231, 25, 0, 2
1638384231, 25, 0, 2
1638384231, 25, 0, 2
1638384231, 25, 0, 2
1638384231, 25, 0, 2
1638384231, 25, 0, 2
1638384231, 25, 0, 2
1638384231, 25, 0, 2
1638384231, 25, 0, 2
1638384231, 25, 0, 2
1638384231, 25, 0, 2
1638384231, 25, 0, 2
1638384231, 25, 0, 2
1638384231, 25, 0, 2
1638384231, 25, 0, 2
1638384231, 25, 0, 2
1638384231, 25, 0, 2
1638384231, 25, 0, 2
1638384231, 25, 0, 2
1638384231, 25, 0, 2
1638384231, 25, 0, 2
1638384232, 25, 0, 2
1638384232, 25, 0, 2
1638384232, 25, 0, 2
1638384232, 25, 0, 2
1638384232, 25, 0, 2
1638384232, 25, 0, 2
1638384232, 25, 0, 2
1638384232, 25, 0, 2
1638384232, 25, 0, 2
1638384232, 25, 0, 2
1638384232, 25, 0, 2
1638384232, 25, 0, 2
1638384232, 25, 0, 2
1638384232, 25, 0, 2
1638384232, 25, 0, 2
1638384232, 25, 0, 2
1638384232, 25, 0, 2
1638384232, 25, 0, 2
1638384232, 25, 0, 2
1638384232, 25, 0, 2
1638384232, 25, 0, 2
1638384232, 25, 0, 2
1638384232, 25, 0, 2
1638384232, 25, 0, 2
1638384232, 25, 0, 2
1638384232, 25, 0, 2
1638384232, 25, 0, 2
1638384232, 25, 0, 2
1638384232, 25, 0, 2
1638384232, 25, 0, 2
1638384232, 25, 0, 2
1638384232, 25, 0, 2
1638384232, 25, 0, 2
1638384232, 25, 0, 2
1638384232, 25, 0, 2
1638384232, 25, 0, 2
1638384232, 25, 0, 2
1638384232, 25, 0, 2
1638384232, 25, 0, 2
1638384232, 25, 0, 2
1638384232, 25, 0, 2
1638384232, 25, 0, 2
1638384232, 25, 0, 2
1638384232, 25, 0, 2
1638384232, 25, 0, 2
1638384232, 25, 0, 2
1638384232, 25, 0, 2
1638384232, 25, 0, 2
1638384232, 25, 0, 2
1638384232, 25, 0, 2
1638384232, 25, 0, 2
1638384232, 25, 0, 2
1638384232, 25, 0, 2
1638384232, 25, 0, 2
1638384232, 25, 0, 2
1638384232, 25, 0, 2
1638384232, 25, 0, 2
1638384232, 25, 0, 2
1638384232, 25, 0, 2
1638384232, 25, 0, 2
1638384232, 25, 0, 2
1638384232, 25, 0, 2
1638384232, 25, 0, 2
1638384232, 25, 0, 2
1638384232, 25, 0, 2
1638384232, 25, 0, 2
1638384232, 25, 0, 2
1638384232, 25, 0, 2
1638384232, 25, 0, 2
1638384232, 25, 0, 2
1638384232, 25, 0, 2
1638384232, 25, 0, 2
1638384232, 25, 0, 2
1638384232, 25, 0, 2
1638384232, 25, 0, 2
1638384232, 25, 0, 2
1638384232, 25, 0, 2
1638384232, 25, 0, 2
1638384232, 25, 0, 2
1638384232, 25, 0, 2
1638384232, 25, 0, 2
1638384232, 25, 0, 2
1638384232, 25, 0, 2
1638384232, 25, 0, 2
1638384232, 25, 0, 2
1638384232, 25, 0, 2
1638384232, 25, 0, 2
1638384232, 25, 0, 2
1638384232, 25, 0, 2
1638384232, 25, 0, 2
1638384232, 25, 0, 2
1638384232, 25, 0, 2
1638384232, 25, 0, 2
1638384232, 25, 0, 2
1638384232, 25, 0, 2
1638384232, 25, 0, 2
1638384232, 25, 0, 2
1638384232, 25, 0, 2
1638384232, 25, 0, 2
1638384232, 25, 0, 2
1638384232, 25, 0, 2
1638384232, 25, 0, 2
1638384232, 25, 0, 2
1638384232, 25, 0, 2
1638384232, 25, 0, 2
1638384232, 25, 0, 2
1638384232, 25, 0, 2
1638384232, 25, 0, 2
1638384232, 25, 0, 2
1638384232, 25, 0, 2
1638384232, 25, 0, 2
1638384232, 25, 0, 2
1638384232, 25, 0, 2
1638384232, 25, 0, 2
1638384232, 25, 0, 2
1638384232, 25, 0, 2
1638384232, 25, 0, 2
1638384232, 25, 0, 2
1638384232, 25, 0, 2
1638384233, 25, 0, 2
1638384233, 25, 0, 2
1638384233, 25, 0, 2
1638384233, 25, 0, 2
1638384233, 25, 0, 2
1638384233, 25, 0, 2
1638384233, 25, 0, 2
1638384233, 25, 0, 2
1638384233, 25, 0, 2
1638384233, 25, 0, 2
1638384233, 25, 0, 2
1638384233, 25, 0, 2
1638384233, 25, 0, 2
1638384233, 25, 0, 2
1638384233, 25, 0, 2
1638384233, 25, 0, 2
1638384233, 25, 0, 2
1638384233, 25, 0, 2
1638384233, 25, 0, 2
1638384233, 25, 0, 2
1638384233, 25, 0, 2
1638384233, 25, 0, 2
1638384233, 25, 0, 2
1638384233, 25, 0, 2
1638384233, 25, 0, 2
1638384233, 25, 0, 2
1638384233, 25, 0, 2
1638384233, 25, 0, 2
1638384233, 25, 0, 2
1638384233, 25, 0, 2
1638384233, 25, 0, 2
1638384233, 25, 0, 2
1638384233, 25, 0, 2
1638384233, 25, 0, 2
1638384233, 25, 0, 2
1638384233, 25, 0, 2
1638384233, 25, 0, 2
1638384233, 25, 0, 2
1638384233, 25, 0, 2
1638384233, 25, 0, 2
1638384233, 25, 0, 2
1638384233, 25, 0, 2
1638384233, 25, 0, 2
1638384233, 25, 0, 2
1638384233, 25, 0, 2
1638384233, 25, 0, 2
1638384233, 25, 0, 2
1638384233, 25, 0, 2
1638384233, 25, 0, 2
1638384233, 25, 0, 2
1638384233, 25, 0, 2
1638384233, 25, 0, 2
1638384233, 25, 0, 2
1638384233, 25, 0, 2
1638384233, 25, 0, 2
1638384233, 25, 0, 2
1638384233, 25, 0, 2
1638384233, 25, 0, 2
1638384233, 25, 0, 2
1638384233, 25, 0, 2
1638384233, 25, 0, 2
1638384233, 25, 0, 2
1638384233, 25, 0, 2
1638384233, 25, 0, 2
1638384233, 25, 0, 2
1638384233, 25, 0, 2
1638384233, 25, 0, 2
1638384233, 25, 0, 2
1638384233, 25, 0, 2
1638384233, 25, 0, 2
1638384233, 25, 0, 2
1638384233, 25, 0, 2
1638384233, 25, 0, 2
1638384234, 25, 0, 2
1638384234, 25, 0, 2
1638384234, 25, 0, 2
1638384234, 25, 0, 2
1638384234, 25, 0, 2
1638384234, 25, 0, 2
1638384234, 25, 0, 2
1638384234, 25, 0, 2
1638384234, 25, 0, 2
1638384234, 25, 0, 2
1638384234, 25, 0, 2
1638384234, 25, 0, 2
1638384234, 25, 0, 2
1638384234, 25, 0, 2
1638384234, 25, 0, 2
1638384234, 25, 0, 2
1638384234, 25, 0, 2
1638384234, 25, 0, 2
1638384234, 25, 0, 2
1638384234, 25, 0, 2
1638384234, 25, 0, 2
1638384234, 25, 0, 2
1638384234, 25, 0, 2
1638384234, 25, 0, 2
1638384234, 25, 0, 2
1638384234, 25, 0, 2
1638384234, 25, 0, 2
1638384234, 25, 0, 2
1638384234, 25, 0, 2
1638384234, 25, 0, 2
1638384234, 25, 0, 2
1638384234, 25, 0, 2
1638384234, 25, 0, 2
1638384234, 25, 0, 2
1638384234, 25, 0, 2
1638384234, 25, 0, 2
1638384234, 25, 0, 2
1638384234, 25, 0, 2
1638384234, 25, 0, 2
1638384234, 25, 0, 2
1638384234, 25, 0, 2
1638384234, 25, 0, 2
1638384234, 25, 0, 2
1638384234, 25, 0, 2
1638384234, 25, 0, 2
1638384234, 25, 0, 2
1638384234, 25, 0, 2
1638384234, 25, 0, 2
1638384234, 25, 0, 2
1638384234, 25, 0, 2
1638384234, 25, 0, 2
1638384234, 25, 0, 2
1638384234, 25, 0, 2
1638384234, 25, 0, 2
1638384234, 25, 0, 2
1638384234, 25, 0, 2
1638384234, 25, 0, 2
1638384234, 25, 0, 2
1638384234, 25, 0, 2
1638384234, 25, 0, 2
1638384234, 25, 0, 2
1638384234, 25, 0, 2
1638384234, 25, 0, 2
1638384234, 25, 0, 2
1638384234, 25, 0, 2
1638384234, 25, 0, 2
1638384234, 25, 0, 2
1638384234, 25, 0, 2
1638384234, 25, 0, 2
1638384235, 25, 0, 2
1638384235, 25, 0, 2
1638384235, 25, 0, 2
1638384235, 25, 0, 2
1638384235, 25, 0, 2
1638384235, 25, 0, 2
1638384235, 25, 0, 2
1638384235, 25, 0, 2
1638384235, 25, 0, 2
1638384235, 25, 0, 2
1638384235, 25, 0, 2
1638384235, 25, 0, 2
1638384235, 25, 0, 2
1638384235, 25, 0, 2
1638384235, 25, 0, 2
1638384235, 25, 0, 2
1638384235, 25, 0, 2
1638384235, 25, 0, 2
1638384235, 25, 0, 2
1638384235, 25, 0, 2
1638384235, 25, 0, 2
1638384235, 25, 0, 2
1638384235, 25, 0, 2
1638384235, 25, 0, 2
1638384235, 25, 0, 2
1638384235, 25, 0, 2
1638384235, 25, 0, 2
1638384235, 25, 0, 2
1638384235, 25, 0, 2
1638384235, 25, 0, 2
1638384235, 25, 0, 2
1638384235, 25, 0, 2
1638384235, 25, 0, 2
1638384235, 25, 0, 2
1638384235, 25, 0, 2
1638384235, 25, 0, 2
1638384235, 25, 0, 2
1638384235, 25, 0, 2
1638384235, 25, 0, 2
1638384235, 25, 0, 2
1638384235, 25, 0, 2
1638384235, 25, 0, 2
1638384235, 25, 0, 2
1638384235, 25, 0, 2
1638384235, 25, 0, 2
1638384235, 25, 0, 2
1638384235, 25, 0, 2
1638384235, 25, 0, 2
1638384235, 25, 0, 2
1638384235, 25, 0, 2
1638384235, 25, 0, 2
1638384235, 25, 0, 2
1638384235, 25, 0, 2
1638384235, 25, 0, 2
1638384235, 25, 0, 2
1638384235, 25, 0, 2
1638384235, 25, 0, 2
1638384235, 25, 0, 2
1638384235, 25, 0, 2
1638384235, 25, 0, 2
1638384235, 25, 0, 2
1638384235, 25, 0, 2
1638384235, 25, 0, 2
1638384235, 25, 0, 2
1638384235, 25, 0, 2
1638384235, 25, 0, 2
1638384235, 25, 0, 2
1638384235, 25, 0, 2
1638384235, 25, 0, 2
1638384235, 25, 0, 2
1638384235, 25, 0, 2
1638384235, 25, 0, 2
1638384235, 25, 0, 2
1638384235, 25, 0, 2
1638384235, 25, 0, 2
1638384235, 25, 0, 2
1638384235, 25, 0, 2
1638384235, 25, 0, 2
1638384235, 25, 0, 2
1638384236, 25, 0, 2
1638384236, 25, 0, 2
1638384236, 25, 0, 2
1638384236, 25, 0, 2
1638384236, 25, 0, 2
1638384236, 25, 0, 2
1638384236, 25, 0, 2
1638384236, 25, 0, 2
1638384236, 25, 0, 2
1638384236, 25, 0, 2
1638384236, 25, 0, 2
1638384236, 25, 0, 2
1638384236, 25, 0, 2
1638384236, 25, 0, 2
1638384236, 25, 0, 2
1638384236, 25, 0, 2
1638384236, 25, 0, 2
1638384236, 25, 0, 2
1638384236, 25, 0, 2
1638384236, 25, 0, 2
1638384236, 25, 0, 2
1638384236, 25, 0, 2
1638384236, 25, 0, 2
1638384236, 25, 0, 2
1638384236, 25, 0, 2
1638384236, 25, 0, 2
1638384236, 25, 0, 2
1638384236, 25, 0, 2
1638384236, 25, 0, 2
1638384236, 25, 0, 2
1638384236, 25, 0, 2
1638384236, 25, 0, 2
1638384236, 25, 0, 2
1638384236, 25, 0, 2
1638384236, 25, 0, 2
1638384236, 25, 0, 2
1638384236, 25, 0, 2
1638384236, 25, 0, 2
1638384236, 25, 0, 2
1638384236, 25, 0, 2
1638384237, 25, 0, 2
1638384237, 25, 0, 2
1638384237, 25, 0, 2
1638384237, 25, 0, 2
1638384237, 25, 0, 2
1638384241, 25, 0, 2
1638384241, 25, 0, 2
1638384241, 25, 0, 2
1638384242, 25, 0, 2
1638384242, 25, 0, 2
1638384242, 25, 0, 2
1638384242, 25, 0, 2
1638384242, 25, 0, 2
1638384242, 25, 0, 2
1638384242, 25, 0, 2
1638384242, 25, 0, 2
1638384242, 25, 0, 2
1638384242, 25, 0, 2
1638384242, 25, 0, 2
1638384242, 26, 0, 2
1638384242, 26, 0, 2
1638384242, 26, 0, 2
1638384242, 26, 0, 2
1638384242, 26, 0, 2
1638384242, 26, 0, 2
1638384242, 26, 0, 2
1638384242, 26, 0, 2
1638384242, 26, 0, 2
1638384242, 26, 0, 2
1638384242, 26, 0, 2
1638384242, 26, 0, 2
1638384242, 26, 0, 2
1638384242, 26, 0, 2
1638384242, 26, 0, 2
1638384242, 26, 0, 2
1638384242, 26, 0, 2
1638384242, 26, 0, 2
1638384242, 26, 0, 2
1638384242, 26, 0, 2
1638384242, 26, 0, 2
1638384242, 26, 0, 2
1638384242, 26, 0, 2
1638384242, 26, 0, 2
1638384242, 26, 0, 2
1638384242, 26, 0, 2
1638384242, 26, 0, 2
1638384242, 26, 0, 2
1638384242, 26, 0, 2
1638384242, 26, 0, 2
1638384242, 26, 0, 2
1638384242, 26, 0, 2
1638384242, 26, 0, 2
1638384242, 26, 0, 2
1638384242, 26, 0, 2
1638384242, 26, 0, 2
1638384242, 26, 0, 2
1638384242, 26, 0, 2
1638384242, 26, 0, 2
1638384242, 26, 0, 2
1638384242, 26, 0, 2
1638384242, 26, 0, 2
1638384242, 26, 0, 2
1638384242, 26, 0, 2
1638384242, 26, 0, 2
1638384242, 26, 0, 2
1638384242, 26, 0, 2
1638384242, 26, 0, 2
1638384242, 26, 0, 2
1638384242, 26, 0, 2
1638384242, 26, 0, 2
1638384242, 26, 0, 2
1638384242, 26, 0, 2
1638384242, 26, 0, 2
1638384242, 26, 0, 2
1638384242, 26, 0, 2
1638384242, 26, 0, 2
1638384242, 26, 0, 2
1638384242, 26, 0, 2
1638384242, 26, 0, 2
1638384242, 26, 0, 2
1638384242, 26, 0, 2
1638384242, 26, 0, 2
1638384242, 26, 0, 2
1638384242, 26, 0, 2
1638384242, 26, 0, 2
1638384242, 26, 0, 2
1638384242, 26, 0, 2
1638384242, 26, 0, 2
1638384242, 26, 0, 2
1638384242, 26, 0, 2
1638384242, 26, 0, 2
1638384242, 26, 0, 2
1638384242, 26, 0, 2
1638384243, 26, 0, 2
1638384243, 26, 0, 2
1638384243, 26, 0, 2
1638384243, 26, 0, 2
1638384243, 26, 0, 2
1638384243, 26, 0, 2
1638384243, 26, 0, 2
1638384243, 26, 0, 2
1638384243, 26, 0, 2
1638384243, 26, 0, 2
1638384243, 26, 0, 2
1638384243, 26, 0, 2
1638384243, 26, 0, 2
1638384243, 26, 0, 2
1638384243, 26, 0, 2
1638384243, 26, 0, 2
1638384243, 26, 0, 2
1638384243, 26, 0, 2
1638384243, 26, 0, 2
1638384243, 26, 0, 2
1638384243, 26, 0, 2
1638384243, 26, 0, 2
1638384243, 26, 0, 2
1638384243, 26, 0, 2
1638384243, 26, 0, 2
1638384243, 26, 0, 2
1638384243, 26, 0, 2
1638384243, 26, 0, 2
1638384243, 26, 0, 2
1638384243, 26, 0, 2
1638384243, 26, 0, 2
1638384243, 26, 0, 2
1638384243, 26, 0, 2
1638384243, 26, 0, 2
1638384243, 26, 0, 2
1638384243, 26, 0, 2
1638384243, 26, 0, 2
1638384243, 26, 0, 2
1638384243, 26, 0, 2
1638384243, 26, 0, 2
1638384243, 26, 0, 2
1638384243, 26, 0, 2
1638384243, 26, 0, 2
1638384243, 26, 0, 2
1638384243, 26, 0, 2
1638384243, 26, 0, 2
1638384243, 26, 0, 2
1638384243, 26, 0, 2
1638384243, 26, 0, 2
1638384243, 26, 0, 2
1638384243, 26, 0, 2
1638384243, 26, 0, 2
1638384243, 26, 0, 2
1638384243, 26, 0, 2
1638384243, 26, 0, 2
1638384243, 26, 0, 2
1638384243, 26, 0, 2
1638384243, 26, 0, 2
1638384243, 26, 0, 2
1638384243, 26, 0, 2
1638384243, 26, 0, 2
1638384243, 26, 0, 2
1638384243, 26, 0, 2
1638384243, 26, 0, 2
1638384243, 26, 0, 2
1638384243, 26, 0, 2
1638384243, 26, 0, 2
1638384243, 26, 0, 2
1638384243, 26, 0, 2
1638384243, 26, 0, 2
1638384243, 26, 0, 2
1638384243, 26, 0, 2
1638384243, 26, 0, 2
1638384243, 26, 0, 2
1638384243, 26, 0, 2
1638384243, 26, 0, 2
1638384243, 26, 0, 2
1638384243, 26, 0, 2
1638384243, 26, 0, 2
1638384243, 26, 0, 2
1638384243, 26, 0, 2
1638384243, 26, 0, 2
1638384243, 26, 0, 2
1638384243, 26, 0, 2
1638384243, 26, 0, 2
1638384243, 26, 0, 2
1638384243, 26, 0, 2
1638384243, 26, 0, 2
1638384243, 26, 0, 2
1638384243, 26, 0, 2
1638384243, 26, 0, 2
1638384244, 26, 0, 2
1638384244, 26, 0, 2
1638384244, 26, 0, 2
1638384244, 26, 0, 2
1638384244, 26, 0, 2
1638384244, 26, 0, 2
1638384244, 26, 0, 2
1638384244, 26, 0, 2
1638384244, 26, 0, 2
1638384244, 26, 0, 2
1638384244, 26, 0, 2
1638384244, 26, 0, 2
1638384244, 26, 0, 2
1638384244, 26, 0, 2
1638384244, 26, 0, 2
1638384244, 26, 0, 2
1638384244, 26, 0, 2
1638384244, 26, 0, 2
1638384244, 26, 0, 2
1638384244, 26, 0, 2
1638384244, 26, 0, 2
1638384244, 26, 0, 2
1638384244, 26, 0, 2
1638384244, 26, 0, 2
1638384244, 26, 0, 2
1638384244, 26, 0, 2
1638384244, 26, 0, 2
1638384244, 26, 0, 2
1638384244, 26, 0, 2
1638384244, 26, 0, 2
1638384244, 26, 0, 2
1638384244, 26, 0, 2
1638384244, 26, 0, 2
1638384244, 26, 0, 2
1638384244, 26, 0, 2
1638384244, 26, 0, 2
1638384244, 26, 0, 2
1638384244, 26, 0, 2
1638384244, 26, 0, 2
1638384244, 26, 0, 2
1638384244, 26, 0, 2
1638384244, 26, 0, 2
1638384244, 26, 0, 2
1638384244, 26, 0, 2
1638384244, 26, 0, 2
1638384244, 26, 0, 2
1638384244, 26, 0, 2
1638384244, 26, 0, 2
1638384244, 26, 0, 2
1638384244, 26, 0, 2
1638384244, 26, 0, 2
1638384244, 26, 0, 2
1638384244, 26, 0, 2
1638384244, 26, 0, 2
1638384244, 26, 0, 2
1638384244, 26, 0, 2
1638384244, 26, 0, 2
1638384244, 26, 0, 2
1638384244, 26, 0, 2
1638384244, 26, 0, 2
1638384244, 26, 0, 2
1638384244, 26, 0, 2
1638384244, 26, 0, 2
1638384244, 26, 0, 2
1638384244, 26, 0, 2
1638384244, 26, 0, 2
1638384244, 26, 0, 2
1638384244, 26, 0, 2
1638384244, 26, 0, 2
1638384244, 26, 0, 2
1638384244, 26, 0, 2
1638384244, 26, 0, 2
1638384244, 26, 0, 2
1638384244, 26, 0, 2
1638384244, 26, 0, 2
1638384244, 26, 0, 2
1638384244, 26, 0, 2
1638384244, 26, 0, 2
1638384244, 26, 0, 2
1638384244, 26, 0, 2
1638384244, 26, 0, 2
1638384244, 26, 0, 2
1638384244, 26, 0, 2
1638384244, 26, 0, 2
1638384244, 26, 0, 2
1638384244, 26, 0, 2
1638384244, 26, 0, 2
1638384244, 26, 0, 2
1638384244, 26, 0, 2
1638384244, 26, 0, 2
1638384244, 26, 0, 2
1638384244, 26, 0, 2
1638384244, 26, 0, 2
1638384244, 26, 0, 2
1638384244, 26, 0, 2
1638384244, 26, 0, 2
1638384244, 26, 0, 2
1638384245, 26, 0, 2
1638384245, 26, 0, 2
1638384245, 26, 0, 2
1638384245, 26, 0, 2
1638384245, 26, 0, 2
1638384245, 26, 0, 2
1638384245, 26, 0, 2
1638384245, 26, 0, 2
1638384245, 26, 0, 2
1638384245, 26, 0, 2
1638384245, 26, 0, 2
1638384245, 26, 0, 2
1638384245, 26, 0, 2
1638384245, 26, 0, 2
1638384245, 26, 0, 2
1638384245, 26, 0, 2
1638384245, 26, 0, 2
1638384245, 26, 0, 2
1638384245, 26, 0, 2
1638384245, 26, 0, 2
1638384245, 26, 0, 2
1638384245, 26, 0, 2
1638384245, 26, 0, 2
1638384245, 26, 0, 2
1638384245, 26, 0, 2
1638384245, 26, 0, 2
1638384245, 26, 0, 2
1638384245, 26, 0, 2
1638384245, 26, 0, 2
1638384245, 26, 0, 2
1638384245, 26, 0, 2
1638384245, 26, 0, 2
1638384245, 26, 0, 2
1638384245, 26, 0, 2
1638384245, 26, 0, 2
1638384245, 26, 0, 2
1638384245, 26, 0, 2
1638384245, 26, 0, 2
1638384245, 26, 0, 2
1638384245, 26, 0, 2
1638384245, 26, 0, 2
1638384245, 26, 0, 2
1638384245, 26, 0, 2
1638384245, 26, 0, 2
1638384245, 26, 0, 2
1638384245, 26, 0, 2
1638384245, 26, 0, 2
1638384245, 26, 0, 2
1638384245, 26, 0, 2
1638384245, 26, 0, 2
1638384245, 26, 0, 2
1638384245, 26, 0, 2
1638384245, 26, 0, 2
1638384245, 26, 0, 2
1638384245, 26, 0, 2
1638384245, 26, 0, 2
1638384245, 26, 0, 2
1638384245, 26, 0, 2
1638384245, 26, 0, 2
1638384245, 26, 0, 2
1638384245, 26, 0, 2
1638384245, 26, 0, 2
1638384245, 26, 0, 2
1638384245, 26, 0, 2
1638384245, 26, 0, 2
1638384245, 26, 0, 2
1638384245, 26, 0, 2
1638384245, 26, 0, 2
1638384245, 26, 0, 2
1638384245, 26, 0, 2
1638384245, 26, 0, 2
1638384245, 26, 0, 2
1638384245, 26, 0, 2
1638384245, 26, 0, 2
1638384245, 26, 0, 2
1638384245, 26, 0, 2
1638384245, 26, 0, 2
1638384245, 26, 0, 2
1638384245, 26, 0, 2
1638384245, 26, 0, 2
1638384245, 26, 0, 2
1638384245, 26, 0, 2
1638384245, 26, 0, 2
1638384245, 26, 0, 2
1638384245, 26, 0, 2
1638384245, 26, 0, 2
1638384245, 26, 0, 2
1638384245, 26, 0, 2
1638384245, 26, 0, 2
1638384246, 26, 0, 2
1638384246, 26, 0, 2
1638384246, 26, 0, 2
1638384246, 26, 0, 2
1638384246, 26, 0, 2
1638384246, 26, 0, 2
1638384246, 26, 0, 2
1638384246, 26, 0, 2
1638384246, 26, 0, 2
1638384246, 26, 0, 2
1638384246, 26, 0, 2
1638384246, 26, 0, 2
1638384246, 26, 0, 2
1638384246, 26, 0, 2
1638384246, 26, 0, 2
1638384246, 26, 0, 2
1638384246, 26, 0, 2
1638384246, 26, 0, 2
1638384246, 26, 0, 2
1638384246, 26, 0, 2
1638384246, 26, 0, 2
1638384246, 26, 0, 2
1638384246, 26, 0, 2
1638384246, 26, 0, 2
1638384246, 26, 0, 2
1638384246, 26, 0, 2
1638384246, 26, 0, 2
1638384246, 26, 0, 2
1638384246, 26, 0, 2
1638384246, 26, 0, 2
1638384246, 26, 0, 2
1638384246, 26, 0, 2
1638384246, 26, 0, 2
1638384246, 26, 0, 2
1638384246, 26, 0, 2
1638384246, 26, 0, 2
1638384246, 26, 0, 2
1638384246, 26, 0, 2
1638384246, 26, 0, 2
1638384246, 26, 0, 2
1638384246, 26, 0, 2
1638384246, 26, 0, 2
1638384246, 26, 0, 2
1638384246, 26, 0, 2
1638384246, 26, 0, 2
1638384246, 26, 0, 2
1638384246, 26, 0, 2
1638384246, 26, 0, 2
1638384246, 26, 0, 2
1638384246, 26, 0, 2
1638384246, 26, 0, 2
1638384246, 26, 0, 2
1638384246, 26, 0, 2
1638384246, 26, 0, 2
1638384246, 26, 0, 2
1638384246, 26, 0, 2
1638384246, 26, 0, 2
1638384246, 26, 0, 2
1638384246, 26, 0, 2
1638384246, 26, 0, 2
1638384246, 26, 0, 2
1638384246, 26, 0, 2
1638384246, 26, 0, 2
1638384246, 26, 0, 2
1638384246, 26, 0, 2
1638384246, 26, 0, 2
1638384246, 26, 0, 2
1638384246, 26, 0, 2
1638384246, 26, 0, 2
1638384246, 26, 0, 2
1638384246, 26, 0, 2
1638384246, 26, 0, 2
1638384246, 26, 0, 2
1638384246, 26, 0, 2
1638384246, 26, 0, 2
1638384246, 26, 0, 2
1638384246, 26, 0, 2
1638384246, 26, 0, 2
1638384246, 26, 0, 2
1638384246, 26, 0, 2
1638384246, 26, 0, 2
1638384246, 26, 0, 2
1638384246, 26, 0, 2
1638384246, 26, 0, 2
1638384246, 26, 0, 2
1638384246, 26, 0, 2
1638384247, 26, 0, 2
1638384247, 26, 0, 2
1638384247, 26, 0, 2
1638384247, 26, 0, 2
1638384247, 26, 0, 2
1638384247, 26, 0, 2
1638384247, 26, 0, 2
1638384247, 26, 0, 2
1638384247, 26, 0, 2
1638384247, 26, 0, 2
1638384247, 26, 0, 2
1638384247, 26, 0, 2
1638384247, 26, 0, 2
1638384247, 26, 0, 2
1638384247, 26, 0, 2
1638384247, 26, 0, 2
1638384247, 26, 0, 2
1638384247, 26, 0, 2
1638384247, 26, 0, 2
1638384247, 26, 0, 2
1638384247, 26, 0, 2
1638384247, 26, 0, 2
1638384247, 26, 0, 2
1638384247, 26, 0, 2
1638384247, 26, 0, 2
1638384247, 26, 0, 2
1638384247, 26, 0, 2
1638384247, 26, 0, 2
1638384247, 26, 0, 2
1638384247, 26, 0, 2
1638384247, 26, 0, 2
1638384247, 26, 0, 2
1638384247, 26, 0, 2
1638384247, 26, 0, 2
1638384247, 26, 0, 2
1638384247, 26, 0, 2
1638384247, 26, 0, 2
1638384247, 26, 0, 2
1638384247, 26, 0, 2
1638384247, 26, 0, 2
1638384247, 26, 0, 2
1638384247, 26, 0, 2
1638384247, 26, 0, 2
1638384247, 26, 0, 2
1638384247, 26, 0, 2
1638384247, 26, 0, 2
1638384247, 26, 0, 2
1638384247, 26, 0, 2
1638384247, 26, 0, 2
1638384247, 26, 0, 2
1638384247, 26, 0, 2
1638384247, 26, 0, 2
1638384247, 26, 0, 2
1638384247, 26, 0, 2
1638384247, 26, 0, 2
1638384247, 26, 0, 2
1638384247, 26, 0, 2
1638384247, 26, 0, 2
1638384247, 26, 0, 2
1638384247, 26, 0, 2
1638384247, 26, 0, 2
1638384247, 26, 0, 2
1638384247, 26, 0, 2
1638384247, 26, 0, 2
1638384247, 26, 0, 2
1638384247, 26, 0, 2
1638384247, 26, 0, 2
1638384247, 26, 0, 2
1638384247, 26, 0, 2
1638384247, 26, 0, 2
1638384247, 26, 0, 2
1638384247, 26, 0, 2
1638384247, 26, 0, 2
1638384247, 26, 0, 2
1638384247, 26, 0, 2
1638384247, 26, 0, 2
1638384247, 26, 0, 2
1638384247, 26, 0, 2
1638384247, 26, 0, 2
1638384247, 26, 0, 2
1638384247, 26, 0, 2
1638384247, 26, 0, 2
1638384247, 26, 0, 2
1638384247, 26, 0, 2
1638384247, 26, 0, 2
1638384247, 26, 0, 2
1638384247, 26, 0, 2
1638384247, 26, 0, 2
1638384247, 26, 0, 2
1638384247, 26, 0, 2
1638384247, 26, 0, 2
1638384248, 26, 0, 2
1638384248, 26, 0, 2
1638384248, 26, 0, 2
1638384248, 26, 0, 2
1638384248, 26, 0, 2
1638384248, 26, 0, 2
1638384248, 26, 0, 2
1638384248, 26, 0, 2
1638384248, 26, 0, 2
1638384248, 26, 0, 2
1638384248, 26, 0, 2
1638384248, 26, 0, 2
1638384248, 26, 0, 2
1638384248, 26, 0, 2
1638384248, 26, 0, 2
1638384248, 26, 0, 2
1638384248, 26, 0, 2
1638384248, 26, 0, 2
1638384248, 26, 0, 2
1638384248, 26, 0, 2
1638384248, 26, 0, 2
1638384248, 26, 0, 2
1638384248, 26, 0, 2
1638384248, 26, 0, 2
1638384248, 26, 0, 2
1638384248, 26, 0, 2
1638384248, 26, 0, 2
1638384248, 26, 0, 2
1638384248, 26, 0, 2
1638384248, 26, 0, 2
1638384248, 26, 0, 2
1638384248, 26, 0, 2
1638384248, 27, 0, 2
1638384248, 27, 0, 2
1638384248, 27, 0, 2
1638384248, 27, 0, 2
1638384248, 27, 0, 2
1638384248, 27, 0, 2
1638384248, 27, 0, 2
1638384248, 27, 0, 2
1638384248, 27, 0, 2
1638384248, 27, 0, 2
1638384248, 27, 0, 2
1638384248, 27, 0, 2
1638384248, 27, 0, 2
1638384248, 27, 0, 2
1638384248, 27, 0, 2
1638384248, 27, 0, 2
1638384248, 27, 0, 2
1638384248, 27, 0, 2
1638384248, 27, 0, 2
1638384248, 27, 0, 2
1638384248, 27, 0, 2
1638384248, 27, 0, 2
1638384248, 27, 0, 2
1638384248, 27, 0, 2
1638384248, 27, 0, 2
1638384248, 27, 0, 2
1638384248, 27, 0, 2
1638384248, 27, 0, 2
1638384248, 27, 0, 2
1638384248, 27, 0, 2
1638384248, 27, 0, 2
1638384248, 27, 0, 2
1638384248, 27, 0, 2
1638384248, 27, 0, 2
1638384248, 27, 0, 2
1638384248, 27, 0, 2
1638384248, 27, 0, 2
1638384248, 27, 0, 2
1638384248, 27, 0, 2
1638384248, 27, 0, 2
1638384248, 27, 0, 2
1638384248, 27, 0, 2
1638384248, 27, 0, 2
1638384248, 27, 0, 2
1638384248, 27, 0, 2
1638384248, 27, 0, 2
1638384248, 27, 0, 2
1638384248, 27, 0, 2
1638384248, 27, 0, 2
1638384248, 27, 0, 2
1638384248, 27, 0, 2
1638384248, 27, 0, 2
1638384248, 27, 0, 2
1638384248, 27, 0, 2
1638384248, 27, 0, 2
1638384248, 27, 0, 2
1638384248, 27, 0, 2
1638384248, 27, 0, 2
1638384248, 27, 0, 2
1638384248, 27, 0, 2
1638384249, 27, 0, 2
1638384249, 27, 0, 2
1638384249, 27, 0, 2
1638384249, 27, 0, 2
1638384249, 27, 0, 2
1638384249, 27, 0, 2
1638384249, 27, 0, 2
1638384249, 27, 0, 2
1638384249, 27, 0, 2
1638384249, 27, 0, 2
1638384249, 27, 0, 2
1638384249, 27, 0, 2
1638384249, 27, 0, 2
1638384249, 27, 0, 2
1638384249, 27, 0, 2
1638384249, 27, 0, 2
1638384249, 27, 0, 2
1638384249, 27, 0, 2
1638384249, 27, 0, 2
1638384249, 27, 0, 2
1638384249, 27, 0, 2
1638384249, 27, 0, 2
1638384249, 27, 0, 2
1638384249, 27, 0, 2
1638384249, 27, 0, 2
1638384249, 27, 0, 2
1638384249, 27, 0, 2
1638384249, 27, 0, 2
1638384249, 27, 0, 2
1638384249, 27, 0, 2
1638384249, 27, 0, 2
1638384249, 27, 0, 2
1638384249, 27, 0, 2
1638384249, 27, 0, 2
1638384249, 27, 0, 2
1638384249, 27, 0, 2
1638384249, 27, 0, 2
1638384249, 27, 0, 2
1638384249, 27, 0, 2
1638384249, 27, 0, 2
1638384249, 27, 0, 2
1638384249, 27, 0, 2
1638384249, 27, 0, 2
1638384249, 27, 0, 2
1638384249, 27, 0, 2
1638384249, 27, 0, 2
1638384249, 27, 0, 2
1638384249, 27, 0, 2
1638384249, 27, 0, 2
1638384249, 27, 0, 2
1638384249, 27, 0, 2
1638384249, 27, 0, 2
1638384249, 27, 0, 2
1638384249, 27, 0, 2
1638384249, 27, 0, 2
1638384249, 27, 0, 2
1638384249, 27, 0, 2
1638384249, 27, 0, 2
1638384249, 27, 0, 2
1638384249, 27, 0, 2
1638384249, 27, 0, 2
1638384249, 27, 0, 2
1638384249, 27, 0, 2
1638384249, 27, 0, 2
1638384249, 27, 0, 2
1638384249, 27, 0, 2
1638384249, 27, 0, 2
1638384249, 27, 0, 2
1638384249, 27, 0, 2
1638384249, 27, 0, 2
1638384249, 27, 0, 2
1638384249, 27, 0, 2
1638384249, 27, 0, 2
1638384249, 27, 0, 2
1638384249, 27, 0, 2
1638384249, 27, 0, 2
1638384249, 27, 0, 2
1638384249, 27, 0, 2
1638384249, 27, 0, 2
1638384250, 27, 0, 2
1638384250, 27, 0, 2
1638384250, 27, 0, 2
1638384250, 27, 0, 2
1638384250, 27, 0, 2
1638384250, 27, 0, 2
1638384250, 27, 0, 2
1638384250, 27, 0, 2
1638384250, 27, 0, 2
1638384250, 27, 0, 2
1638384250, 27, 0, 2
1638384250, 27, 0, 2
1638384250, 27, 0, 2
1638384250, 27, 0, 2
1638384250, 27, 0, 2
1638384250, 27, 0, 2
1638384250, 27, 0, 2
1638384250, 27, 0, 2
1638384250, 27, 0, 2
1638384250, 27, 0, 2
1638384250, 27, 0, 2
1638384250, 27, 0, 2
1638384250, 27, 0, 2
1638384250, 27, 0, 2
1638384250, 27, 0, 2
1638384250, 27, 0, 2
1638384250, 27, 0, 2
1638384250, 27, 0, 2
1638384250, 27, 0, 2
1638384250, 27, 0, 2
1638384250, 27, 0, 2
1638384250, 27, 0, 2
1638384250, 27, 0, 2
1638384250, 27, 0, 2
1638384250, 27, 0, 2
1638384250, 27, 0, 2
1638384250, 27, 0, 2
1638384250, 27, 0, 2
1638384250, 27, 0, 2
1638384250, 27, 0, 2
1638384250, 27, 0, 2
1638384250, 27, 0, 2
1638384250, 27, 0, 2
1638384250, 27, 0, 2
1638384250, 27, 0, 2
1638384250, 27, 0, 2
1638384250, 27, 0, 2
1638384250, 27, 0, 2
1638384250, 27, 0, 2
1638384250, 27, 0, 2
1638384250, 27, 0, 2
1638384250, 27, 0, 2
1638384250, 27, 0, 2
1638384250, 27, 0, 2
1638384250, 27, 0, 2
1638384250, 27, 0, 2
1638384250, 27, 0, 2
1638384250, 27, 0, 2
1638384250, 27, 0, 2
1638384250, 27, 0, 2
1638384250, 27, 0, 2
1638384250, 27, 0, 2
1638384250, 27, 0, 2
1638384250, 27, 0, 2
1638384250, 27, 0, 2
1638384250, 27, 0, 2
1638384250, 27, 0, 2
1638384250, 27, 0, 2
1638384250, 27, 0, 2
1638384250, 27, 0, 2
1638384250, 27, 0, 2
1638384250, 27, 0, 2
1638384250, 27, 0, 2
1638384250, 27, 0, 2
1638384250, 27, 0, 2
1638384250, 27, 0, 2
1638384250, 27, 0, 2
1638384250, 27, 0, 2
1638384250, 27, 0, 2
1638384250, 27, 0, 2
1638384250, 27, 0, 2
1638384250, 27, 0, 2
1638384250, 27, 0, 2
1638384250, 27, 0, 2
1638384251, 27, 0, 2
1638384251, 27, 0, 2
1638384251, 27, 0, 2
1638384251, 27, 0, 2
1638384251, 27, 0, 2
1638384251, 27, 0, 2
1638384251, 27, 0, 2
1638384251, 27, 0, 2
1638384251, 27, 0, 2
1638384251, 27, 0, 2
1638384251, 27, 0, 2
1638384251, 27, 0, 2
1638384251, 27, 0, 2
1638384251, 27, 0, 2
1638384251, 27, 0, 2
1638384251, 27, 0, 2
1638384251, 27, 0, 2
1638384251, 27, 0, 2
1638384251, 27, 0, 2
1638384251, 27, 0, 2
1638384251, 27, 0, 2
1638384251, 27, 0, 2
1638384251, 27, 0, 2
1638384251, 27, 0, 2
1638384251, 27, 0, 2
1638384251, 27, 0, 2
1638384251, 27, 0, 2
1638384251, 27, 0, 2
1638384251, 27, 0, 2
1638384251, 27, 0, 2
1638384251, 27, 0, 2
1638384251, 27, 0, 2
1638384251, 27, 0, 2
1638384251, 27, 0, 2
1638384251, 27, 0, 2
1638384251, 27, 0, 2
1638384251, 27, 0, 2
1638384251, 27, 0, 2
1638384251, 27, 0, 2
1638384251, 27, 0, 2
1638384251, 27, 0, 2
1638384251, 27, 0, 2
1638384251, 27, 0, 2
1638384251, 27, 0, 2
1638384251, 27, 0, 2
1638384251, 27, 0, 2
1638384251, 27, 0, 2
1638384251, 27, 0, 2
1638384251, 27, 0, 2
1638384251, 27, 0, 2
1638384251, 27, 0, 2
1638384251, 27, 0, 2
1638384251, 27, 0, 2
1638384251, 27, 0, 2
1638384251, 27, 0, 2
1638384251, 27, 0, 2
1638384251, 27, 0, 2
1638384251, 27, 0, 2
1638384251, 27, 0, 2
1638384251, 27, 0, 2
1638384251, 27, 0, 2
1638384251, 27, 0, 2
1638384251, 27, 0, 2
1638384251, 27, 0, 2
1638384251, 27, 0, 2
1638384251, 27, 0, 2
1638384251, 27, 0, 2
1638384251, 27, 0, 2
1638384251, 27, 0, 2
1638384251, 27, 0, 2
1638384251, 27, 0, 2
1638384251, 27, 0, 2
1638384251, 27, 0, 2
1638384251, 27, 0, 2
1638384251, 27, 0, 2
1638384251, 27, 0, 2
1638384251, 27, 0, 2
1638384251, 27, 0, 2
1638384251, 27, 0, 2
1638384251, 27, 0, 2
1638384252, 27, 0, 2
1638384252, 27, 0, 2
1638384252, 27, 0, 2
1638384252, 27, 0, 2
1638384252, 27, 0, 2
1638384252, 27, 0, 2
1638384252, 27, 0, 2
1638384252, 27, 0, 2
1638384252, 27, 0, 2
1638384252, 27, 0, 2
1638384252, 27, 0, 2
1638384252, 27, 0, 2
1638384252, 27, 0, 2
1638384252, 27, 0, 2
1638384252, 27, 0, 2
1638384252, 27, 0, 2
1638384252, 27, 0, 2
1638384252, 27, 0, 2
1638384252, 27, 0, 2
1638384252, 27, 0, 2
1638384252, 27, 0, 2
1638384252, 27, 0, 2
1638384252, 27, 0, 2
1638384252, 27, 0, 2
1638384252, 27, 0, 2
1638384252, 27, 0, 2
1638384252, 27, 0, 2
1638384252, 27, 0, 2
1638384252, 27, 0, 2
1638384252, 27, 0, 2
1638384252, 27, 0, 2
1638384252, 27, 0, 2
1638384252, 27, 0, 2
1638384252, 27, 0, 2
1638384252, 27, 0, 2
1638384252, 27, 0, 2
1638384252, 27, 0, 2
1638384252, 27, 0, 2
1638384252, 27, 0, 2
1638384252, 27, 0, 2
1638384252, 27, 0, 2
1638384252, 27, 0, 2
1638384252, 27, 0, 2
1638384252, 27, 0, 2
1638384252, 27, 0, 2
1638384252, 27, 0, 2
1638384252, 27, 0, 2
1638384252, 27, 0, 2
1638384252, 27, 0, 2
1638384252, 27, 0, 2
1638384252, 27, 0, 2
1638384252, 27, 0, 2
1638384252, 27, 0, 2
1638384252, 27, 0, 2
1638384252, 27, 0, 2
1638384252, 27, 0, 2
1638384252, 27, 0, 2
1638384252, 27, 0, 2
1638384252, 27, 0, 2
1638384252, 27, 0, 2
1638384252, 27, 0, 2
1638384252, 27, 0, 2
1638384252, 27, 0, 2
1638384252, 27, 0, 2
1638384252, 27, 0, 2
1638384252, 27, 0, 2
1638384252, 27, 0, 2
1638384252, 27, 0, 2
1638384252, 27, 0, 2
1638384252, 27, 0, 2
1638384252, 27, 0, 2
1638384252, 27, 0, 2
1638384253, 27, 0, 2
1638384253, 27, 0, 2
1638384253, 27, 0, 2
1638384253, 27, 0, 2
1638384253, 27, 0, 2
1638384253, 27, 0, 2
1638384253, 27, 0, 2
1638384253, 27, 0, 2
1638384253, 27, 0, 2
1638384253, 27, 0, 2
1638384253, 27, 0, 2
1638384253, 27, 0, 2
1638384253, 27, 0, 2
1638384253, 27, 0, 2
1638384253, 27, 0, 2
1638384253, 27, 0, 2
1638384253, 27, 0, 2
1638384253, 27, 0, 2
1638384253, 27, 0, 2
1638384253, 27, 0, 2
1638384253, 27, 0, 2
1638384253, 27, 0, 2
1638384253, 27, 0, 2
1638384253, 27, 0, 2
1638384253, 27, 0, 2
1638384253, 27, 0, 2
1638384253, 27, 0, 2
1638384253, 27, 0, 2
1638384253, 27, 0, 2
1638384253, 27, 0, 2
1638384253, 27, 0, 2
1638384253, 27, 0, 2
1638384253, 27, 0, 2
1638384253, 27, 0, 2
1638384253, 27, 0, 2
1638384253, 27, 0, 2
1638384253, 27, 0, 2
1638384253, 27, 0, 2
1638384253, 27, 0, 2
1638384253, 27, 0, 2
1638384253, 27, 0, 2
1638384253, 27, 0, 2
1638384253, 27, 0, 2
1638384253, 27, 0, 2
1638384253, 27, 0, 2
1638384253, 27, 0, 2
1638384253, 27, 0, 2
1638384253, 27, 0, 2
1638384253, 27, 0, 2
1638384253, 27, 0, 2
1638384253, 27, 0, 2
1638384253, 27, 0, 2
1638384253, 27, 0, 2
1638384253, 27, 0, 2
1638384253, 27, 0, 2
1638384253, 27, 0, 2
1638384253, 27, 0, 2
1638384253, 27, 0, 2
1638384253, 27, 0, 2
1638384253, 27, 0, 2
1638384253, 27, 0, 2
1638384253, 27, 0, 2
1638384254, 27, 0, 2
1638384254, 27, 0, 2
1638384254, 27, 0, 2
1638384254, 27, 0, 2
1638384254, 27, 0, 2
1638384254, 27, 0, 2
1638384254, 27, 0, 2
1638384254, 27, 0, 2
1638384254, 27, 0, 2
1638384254, 27, 0, 2
1638384254, 27, 0, 2
1638384254, 27, 0, 2
1638384254, 27, 0, 2
1638384254, 27, 0, 2
1638384254, 27, 0, 2
1638384254, 27, 0, 2
1638384254, 27, 0, 2
1638384254, 27, 0, 2
1638384254, 27, 0, 2
1638384254, 27, 0, 2
1638384254, 27, 0, 2
1638384254, 27, 0, 2
1638384254, 27, 0, 2
1638384254, 27, 0, 2
1638384254, 27, 0, 2
1638384254, 27, 0, 2
1638384254, 27, 0, 2
1638384254, 27, 0, 2
1638384254, 27, 0, 2
1638384254, 27, 0, 2
1638384254, 27, 0, 2
1638384254, 27, 0, 2
1638384254, 27, 0, 2
1638384254, 27, 0, 2
1638384254, 27, 0, 2
1638384254, 27, 0, 2
1638384254, 27, 0, 2
1638384254, 27, 0, 2
1638384254, 27, 0, 2
1638384254, 28, 0, 2
1638384254, 28, 0, 2
1638384254, 28, 0, 2
1638384254, 28, 0, 2
1638384254, 28, 0, 2
1638384254, 28, 0, 2
1638384254, 28, 0, 2
1638384254, 28, 0, 2
1638384254, 28, 0, 2
1638384254, 28, 0, 2
1638384254, 28, 0, 2
1638384254, 28, 0, 2
1638384254, 28, 0, 2
1638384254, 28, 0, 2
1638384254, 28, 0, 2
1638384254, 28, 0, 2
1638384254, 28, 0, 2
1638384254, 28, 0, 2
1638384254, 28, 0, 2
1638384254, 28, 0, 2
1638384254, 28, 0, 2
1638384254, 28, 0, 2
1638384254, 28, 0, 2
1638384254, 28, 0, 2
1638384254, 28, 0, 2
1638384254, 28, 0, 2
1638384254, 28, 0, 2
1638384254, 28, 0, 2
1638384254, 28, 0, 2
1638384254, 28, 0, 2
1638384254, 28, 0, 2
1638384254, 28, 0, 2
1638384254, 28, 0, 2
1638384254, 28, 0, 2
1638384254, 28, 0, 2
1638384254, 28, 0, 2
1638384254, 28, 0, 2
1638384254, 28, 0, 2
1638384254, 28, 0, 2
1638384254, 28, 0, 2
1638384254, 28, 0, 2
1638384254, 28, 0, 2
1638384254, 28, 0, 2
1638384255, 28, 0, 2
1638384255, 28, 0, 2
1638384255, 28, 0, 2
1638384255, 28, 0, 2
1638384255, 28, 0, 2
1638384255, 28, 0, 2
1638384255, 28, 0, 2
1638384255, 28, 0, 2
1638384255, 28, 0, 2
1638384255, 28, 0, 2
1638384255, 28, 0, 2
1638384255, 28, 0, 2
1638384255, 28, 0, 2
1638384255, 28, 0, 2
1638384255, 28, 0, 2
1638384255, 28, 0, 2
1638384255, 28, 0, 2
1638384255, 28, 0, 2
1638384255, 28, 0, 2
1638384255, 28, 0, 2
1638384255, 28, 0, 2
1638384255, 28, 0, 2
1638384255, 28, 0, 2
1638384255, 28, 0, 2
1638384255, 28, 0, 2
1638384255, 28, 0, 2
1638384255, 28, 0, 2
1638384255, 28, 0, 2
1638384255, 28, 0, 2
1638384255, 28, 0, 2
1638384255, 28, 0, 2
1638384255, 28, 0, 2
1638384255, 28, 0, 2
1638384255, 28, 0, 2
1638384255, 28, 0, 2
1638384255, 28, 0, 2
1638384255, 28, 0, 2
1638384255, 28, 0, 2
1638384255, 28, 0, 2
1638384255, 28, 0, 2
1638384255, 28, 0, 2
1638384255, 28, 0, 2
1638384255, 28, 0, 2
1638384255, 28, 0, 2
1638384255, 28, 0, 2
1638384255, 28, 0, 2
1638384255, 28, 0, 2
1638384255, 28, 0, 2
1638384255, 28, 0, 2
1638384255, 28, 0, 2
1638384255, 28, 0, 2
1638384255, 28, 0, 2
1638384255, 28, 0, 2
1638384255, 28, 0, 2
1638384255, 28, 0, 2
1638384255, 28, 0, 2
1638384255, 28, 0, 2
1638384255, 28, 0, 2
1638384255, 28, 0, 2
1638384255, 28, 0, 2
1638384255, 28, 0, 2
1638384255, 28, 0, 2
1638384255, 28, 0, 2
1638384255, 28, 0, 2
1638384255, 28, 0, 2
1638384255, 28, 0, 2
1638384255, 28, 0, 2
1638384255, 28, 0, 2
1638384255, 28, 0, 2
1638384255, 28, 0, 2
1638384255, 28, 0, 2
1638384255, 28, 0, 2
1638384255, 28, 0, 2
1638384255, 28, 0, 2
1638384255, 28, 0, 2
1638384255, 28, 0, 2
1638384255, 28, 0, 2
1638384255, 28, 0, 2
1638384255, 28, 0, 2
1638384255, 28, 0, 2
1638384255, 28, 0, 2
1638384256, 28, 0, 2
1638384256, 28, 0, 2
1638384256, 28, 0, 2
1638384256, 28, 0, 2
1638384256, 28, 0, 2
1638384256, 28, 0, 2
1638384256, 28, 0, 2
1638384256, 28, 0, 2
1638384256, 28, 0, 2
1638384256, 28, 0, 2
1638384256, 28, 0, 2
1638384256, 28, 0, 2
1638384256, 28, 0, 2
1638384256, 28, 0, 2
1638384256, 28, 0, 2
1638384256, 28, 0, 2
1638384256, 28, 0, 2
1638384256, 28, 0, 2
1638384256, 28, 0, 2
1638384256, 28, 0, 2
1638384256, 28, 0, 2
1638384256, 28, 0, 2
1638384256, 28, 0, 2
1638384256, 28, 0, 2
1638384256, 28, 0, 2
1638384256, 28, 0, 2
1638384256, 28, 0, 2
1638384256, 28, 0, 2
1638384256, 28, 0, 2
1638384256, 28, 0, 2
1638384256, 28, 0, 2
1638384256, 28, 0, 2
1638384256, 28, 0, 2
1638384256, 28, 0, 2
1638384256, 28, 0, 2
1638384256, 28, 0, 2
1638384256, 28, 0, 2
1638384256, 28, 0, 2
1638384256, 28, 0, 2
1638384256, 28, 0, 2
1638384256, 28, 0, 2
1638384256, 28, 0, 2
1638384256, 28, 0, 2
1638384256, 28, 0, 2
1638384256, 28, 0, 2
1638384256, 28, 0, 2
1638384256, 28, 0, 2
1638384256, 28, 0, 2
1638384256, 28, 0, 2
1638384256, 28, 0, 2
1638384256, 28, 0, 2
1638384256, 28, 0, 2
1638384256, 28, 0, 2
1638384256, 28, 0, 2
1638384256, 28, 0, 2
1638384256, 28, 0, 2
1638384256, 28, 0, 2
1638384256, 28, 0, 2
1638384256, 28, 0, 2
1638384256, 28, 0, 2
1638384256, 28, 0, 2
1638384256, 28, 0, 2
1638384256, 28, 0, 2
1638384256, 28, 0, 2
1638384256, 28, 0, 2
1638384256, 28, 0, 2
1638384256, 28, 0, 2
1638384256, 28, 0, 2
1638384256, 28, 0, 2
1638384256, 28, 0, 2
1638384256, 28, 0, 2
1638384257, 28, 0, 2
1638384257, 28, 0, 2
1638384257, 28, 0, 2
1638384257, 28, 0, 2
1638384257, 28, 0, 2
1638384257, 28, 0, 2
1638384257, 28, 0, 2
1638384257, 28, 0, 2
1638384257, 28, 0, 2
1638384257, 28, 0, 2
1638384257, 28, 0, 2
1638384257, 28, 0, 2
1638384257, 28, 0, 2
1638384257, 28, 0, 2
1638384257, 28, 0, 2
1638384257, 28, 0, 2
1638384257, 28, 0, 2
1638384257, 28, 0, 2
1638384257, 28, 0, 2
1638384257, 28, 0, 2
1638384257, 28, 0, 2
1638384257, 28, 0, 2
1638384257, 28, 0, 2
1638384257, 28, 0, 2
1638384257, 28, 0, 2
1638384257, 28, 0, 2
1638384257, 28, 0, 2
1638384257, 28, 0, 2
1638384257, 28, 0, 2
1638384257, 28, 0, 2
1638384257, 28, 0, 2
1638384257, 28, 0, 2
1638384257, 28, 0, 2
1638384257, 28, 0, 2
1638384257, 28, 0, 2
1638384257, 28, 0, 2
1638384257, 28, 0, 2
1638384257, 28, 0, 2
1638384257, 28, 0, 2
1638384257, 28, 0, 2
1638384257, 28, 0, 2
1638384257, 28, 0, 2
1638384257, 28, 0, 2
1638384257, 28, 0, 2
1638384257, 28, 0, 2
1638384257, 28, 0, 2
1638384257, 28, 0, 2
1638384257, 28, 0, 2
1638384257, 28, 0, 2
1638384257, 28, 0, 2
1638384257, 28, 0, 2
1638384257, 28, 0, 2
1638384257, 28, 0, 2
1638384257, 28, 0, 2
1638384257, 28, 0, 2
1638384257, 28, 0, 2
1638384257, 28, 0, 2
1638384257, 28, 0, 2
1638384257, 28, 0, 2
1638384257, 28, 0, 2
1638384257, 28, 0, 2
1638384257, 28, 0, 2
1638384257, 28, 0, 2
1638384257, 28, 0, 2
1638384257, 28, 0, 2
1638384257, 28, 0, 2
1638384257, 28, 0, 2
1638384257, 28, 0, 2
1638384257, 28, 0, 2
1638384257, 28, 0, 2
1638384257, 28, 0, 2
1638384257, 28, 0, 2
1638384257, 28, 0, 2
1638384257, 28, 0, 2
1638384257, 28, 0, 2
1638384257, 28, 0, 2
1638384257, 28, 0, 2
1638384258, 28, 0, 2
1638384258, 28, 0, 2
1638384258, 28, 0, 2
1638384258, 28, 0, 2
1638384258, 28, 0, 2
1638384258, 28, 0, 2
1638384258, 28, 0, 2
1638384258, 28, 0, 2
1638384258, 28, 0, 2
1638384258, 28, 0, 2
1638384258, 28, 0, 2
1638384258, 28, 0, 2
1638384258, 28, 0, 2
1638384258, 28, 0, 2
1638384258, 28, 0, 2
1638384258, 28, 0, 2
1638384258, 28, 0, 2
1638384258, 28, 0, 2
1638384258, 28, 0, 2
1638384258, 28, 0, 2
1638384258, 28, 0, 2
1638384258, 28, 0, 2
1638384258, 28, 0, 2
1638384258, 28, 0, 2
1638384258, 28, 0, 2
1638384258, 28, 0, 2
1638384258, 28, 0, 2
1638384258, 28, 0, 2
1638384258, 28, 0, 2
1638384258, 28, 0, 2
1638384258, 28, 0, 2
1638384258, 28, 0, 2
1638384258, 28, 0, 2
1638384258, 28, 0, 2
1638384258, 28, 0, 2
1638384258, 28, 0, 2
1638384258, 28, 0, 2
1638384258, 28, 0, 2
1638384258, 28, 0, 2
1638384258, 28, 0, 2
1638384258, 28, 0, 2
1638384258, 28, 0, 2
1638384258, 28, 0, 2
1638384258, 28, 0, 2
1638384258, 28, 0, 2
1638384258, 28, 0, 2
1638384258, 28, 0, 2
1638384258, 28, 0, 2
1638384258, 28, 0, 2
1638384258, 28, 0, 2
1638384258, 28, 0, 2
1638384258, 28, 0, 2
1638384258, 28, 0, 2
1638384258, 28, 0, 2
1638384258, 28, 0, 2
1638384258, 28, 0, 2
1638384258, 28, 0, 2
1638384258, 28, 0, 2
1638384258, 28, 0, 2
1638384258, 28, 0, 2
1638384258, 28, 0, 2
1638384258, 28, 0, 2
1638384258, 28, 0, 2
1638384258, 28, 0, 2
1638384258, 28, 0, 2
1638384258, 28, 0, 2
1638384258, 28, 0, 2
1638384258, 28, 0, 2
1638384258, 28, 0, 2
1638384259, 28, 0, 2
1638384259, 28, 0, 2
1638384259, 28, 0, 2
1638384259, 28, 0, 2
1638384259, 28, 0, 2
1638384259, 28, 0, 2
1638384259, 28, 0, 2
1638384259, 28, 0, 2
1638384259, 28, 0, 2
1638384259, 28, 0, 2
1638384259, 28, 0, 2
1638384259, 28, 0, 2
1638384259, 28, 0, 2
1638384259, 28, 0, 2
1638384259, 28, 0, 2
1638384259, 28, 0, 2
1638384259, 28, 0, 2
1638384259, 28, 0, 2
1638384259, 28, 0, 2
1638384259, 28, 0, 2
1638384259, 28, 0, 2
1638384259, 28, 0, 2
1638384259, 28, 0, 2
1638384259, 28, 0, 2
1638384259, 28, 0, 2
1638384259, 28, 0, 2
1638384259, 28, 0, 2
1638384259, 28, 0, 2
1638384259, 28, 0, 2
1638384259, 28, 0, 2
1638384259, 28, 0, 2
1638384259, 28, 0, 2
1638384259, 28, 0, 2
1638384259, 28, 0, 2
1638384259, 28, 0, 2
1638384259, 28, 0, 2
1638384259, 28, 0, 2
1638384259, 28, 0, 2
1638384259, 28, 0, 2
1638384259, 28, 0, 2
1638384259, 28, 0, 2
1638384259, 28, 0, 2
1638384259, 28, 0, 2
1638384259, 28, 0, 2
1638384259, 28, 0, 2
1638384259, 28, 0, 2
1638384259, 28, 0, 2
1638384259, 28, 0, 2
1638384259, 28, 0, 2
1638384259, 28, 0, 2
1638384259, 28, 0, 2
1638384259, 28, 0, 2
1638384259, 28, 0, 2
1638384259, 28, 0, 2
1638384259, 28, 0, 2
1638384259, 28, 0, 2
1638384259, 28, 0, 2
1638384259, 28, 0, 2
1638384260, 28, 0, 2
1638384260, 28, 0, 2
1638384260, 28, 0, 2
1638384260, 28, 0, 2
1638384260, 28, 0, 2
1638384260, 28, 0, 2
1638384260, 28, 0, 2
1638384260, 28, 0, 2
1638384260, 28, 0, 2
1638384260, 28, 0, 2
1638384260, 28, 0, 2
1638384260, 28, 0, 2
1638384260, 28, 0, 2
1638384260, 29, 0, 2
1638384260, 29, 0, 2
1638384260, 29, 0, 2
1638384260, 29, 0, 2
1638384260, 29, 0, 2
1638384260, 29, 0, 2
1638384260, 29, 0, 2
1638384260, 29, 0, 2
1638384260, 29, 0, 2
1638384260, 29, 0, 2
1638384260, 29, 0, 2
1638384260, 29, 0, 2
1638384260, 29, 0, 2
1638384260, 29, 0, 2
1638384260, 29, 0, 2
1638384260, 29, 0, 2
1638384260, 29, 0, 2
1638384260, 29, 0, 2
1638384260, 29, 0, 2
1638384260, 29, 0, 2
1638384260, 29, 0, 2
1638384260, 29, 0, 2
1638384260, 29, 0, 2
1638384260, 29, 0, 2
1638384260, 29, 0, 2
1638384260, 29, 0, 2
1638384260, 29, 0, 2
1638384260, 29, 0, 2
1638384260, 29, 0, 2
1638384260, 29, 0, 2
1638384260, 29, 0, 2
1638384260, 29, 0, 2
1638384260, 29, 0, 2
1638384260, 29, 0, 2
1638384260, 29, 0, 2
1638384260, 29, 0, 2
1638384260, 29, 0, 2
1638384260, 29, 0, 2
1638384260, 29, 0, 2
1638384260, 29, 0, 2
1638384260, 29, 0, 2
1638384260, 29, 0, 2
1638384260, 29, 0, 2
1638384260, 29, 0, 2
1638384260, 29, 0, 2
1638384260, 29, 0, 2
1638384260, 29, 0, 2
1638384260, 29, 0, 2
1638384260, 29, 0, 2
1638384260, 29, 0, 2
1638384260, 29, 0, 2
1638384260, 29, 0, 2
1638384260, 29, 0, 2
1638384260, 29, 0, 2
1638384260, 29, 0, 2
1638384261, 29, 0, 2
1638384261, 29, 0, 2
1638384261, 29, 0, 2
1638384261, 29, 0, 2
1638384261, 29, 0, 2
1638384261, 29, 0, 2
1638384261, 29, 0, 2
1638384261, 29, 0, 2
1638384261, 29, 0, 2
1638384261, 29, 0, 2
1638384261, 29, 0, 2
1638384261, 29, 0, 2
1638384261, 29, 0, 2
1638384261, 29, 0, 2
1638384261, 29, 0, 2
1638384261, 29, 0, 2
1638384261, 29, 0, 2
1638384261, 29, 0, 2
1638384261, 29, 0, 2
1638384261, 29, 0, 2
1638384261, 29, 0, 2
1638384261, 29, 0, 2
1638384261, 29, 0, 2
1638384261, 29, 0, 2
1638384261, 29, 0, 2
1638384261, 29, 0, 2
1638384261, 29, 0, 2
1638384261, 29, 0, 2
1638384261, 29, 0, 2
1638384261, 29, 0, 2
1638384261, 29, 0, 2
1638384261, 29, 0, 2
1638384261, 29, 0, 2
1638384261, 29, 0, 2
1638384261, 29, 0, 2
1638384261, 29, 0, 2
1638384261, 29, 0, 2
1638384261, 29, 0, 2
1638384261, 29, 0, 2
1638384261, 29, 0, 2
1638384261, 29, 0, 2
1638384261, 29, 0, 2
1638384261, 29, 0, 2
1638384261, 29, 0, 2
1638384261, 29, 0, 2
1638384261, 29, 0, 2
1638384261, 29, 0, 2
1638384261, 29, 0, 2
1638384261, 29, 0, 2
1638384261, 29, 0, 2
1638384261, 29, 0, 2
1638384261, 29, 0, 2
1638384261, 29, 0, 2
1638384261, 29, 0, 2
1638384261, 29, 0, 2
1638384261, 29, 0, 2
1638384261, 29, 0, 2
1638384261, 29, 0, 2
1638384261, 29, 0, 2
1638384261, 29, 0, 2
1638384262, 29, 0, 2
1638384262, 29, 0, 2
1638384262, 29, 0, 2
1638384262, 29, 0, 2
1638384262, 29, 0, 2
1638384262, 29, 0, 2
1638384262, 29, 0, 2
1638384262, 29, 0, 2
1638384262, 29, 0, 2
1638384262, 29, 0, 2
1638384262, 29, 0, 2
1638384262, 29, 0, 2
1638384262, 29, 0, 2
1638384262, 29, 0, 2
1638384262, 29, 0, 2
1638384262, 29, 0, 2
1638384262, 29, 0, 2
1638384262, 29, 0, 2
1638384262, 29, 0, 2
1638384262, 29, 0, 2
1638384262, 29, 0, 2
1638384262, 29, 0, 2
1638384262, 29, 0, 2
1638384262, 29, 0, 2
1638384262, 29, 0, 2
1638384262, 29, 0, 2
1638384262, 29, 0, 2
1638384262, 29, 0, 2
1638384262, 29, 0, 2
1638384262, 29, 0, 2
1638384262, 29, 0, 2
1638384262, 29, 0, 2
1638384262, 29, 0, 2
1638384262, 29, 0, 2
1638384262, 29, 0, 2
1638384262, 29, 0, 2
1638384262, 29, 0, 2
1638384262, 29, 0, 2
1638384262, 29, 0, 2
1638384262, 29, 0, 2
1638384262, 29, 0, 2
1638384262, 29, 0, 2
1638384262, 29, 0, 2
1638384262, 29, 0, 2
1638384262, 29, 0, 2
1638384262, 29, 0, 2
1638384262, 29, 0, 2
1638384262, 29, 0, 2
1638384262, 29, 0, 2
1638384262, 29, 0, 2
1638384262, 29, 0, 2
1638384262, 29, 0, 2
1638384262, 29, 0, 2
1638384262, 29, 0, 2
1638384262, 29, 0, 2
1638384262, 29, 0, 2
1638384262, 29, 0, 2
1638384262, 29, 0, 2
1638384262, 29, 0, 2
1638384262, 29, 0, 2
1638384262, 29, 0, 2
1638384263, 29, 0, 2
1638384263, 29, 0, 2
1638384263, 29, 0, 2
1638384263, 29, 0, 2
1638384263, 29, 0, 2
1638384263, 29, 0, 2
1638384263, 29, 0, 2
1638384263, 29, 0, 2
1638384263, 29, 0, 2
1638384263, 29, 0, 2
1638384263, 29, 0, 2
1638384263, 29, 0, 2
1638384263, 29, 0, 2
1638384263, 29, 0, 2
1638384263, 29, 0, 2
1638384263, 29, 0, 2
1638384263, 29, 0, 2
1638384263, 29, 0, 2
1638384263, 29, 0, 2
1638384263, 29, 0, 2
1638384263, 29, 0, 2
1638384263, 29, 0, 2
1638384263, 29, 0, 2
1638384263, 29, 0, 2
1638384263, 29, 0, 2
1638384263, 29, 0, 2
1638384263, 29, 0, 2
1638384263, 29, 0, 2
1638384263, 29, 0, 2
1638384263, 29, 0, 2
1638384263, 29, 0, 2
1638384263, 29, 0, 2
1638384263, 29, 0, 2
1638384263, 29, 0, 2
1638384263, 29, 0, 2
1638384263, 29, 0, 2
1638384263, 29, 0, 2
1638384263, 29, 0, 2
1638384263, 29, 0, 2
1638384263, 29, 0, 2
1638384263, 29, 0, 2
1638384263, 29, 0, 2
1638384263, 29, 0, 2
1638384263, 29, 0, 2
1638384263, 29, 0, 2
1638384263, 29, 0, 2
1638384263, 29, 0, 2
1638384263, 29, 0, 2
1638384263, 29, 0, 2
1638384263, 29, 0, 2
1638384263, 29, 0, 2
1638384263, 29, 0, 2
1638384263, 29, 0, 2
1638384263, 29, 0, 2
1638384264, 29, 0, 2
1638384264, 29, 0, 2
1638384264, 29, 0, 2
1638384264, 29, 0, 2
1638384264, 29, 0, 2
1638384264, 29, 0, 2
1638384264, 29, 0, 2
1638384264, 29, 0, 2
1638384264, 29, 0, 2
1638384264, 29, 0, 2
1638384264, 29, 0, 2
1638384264, 29, 0, 2
1638384264, 29, 0, 2
1638384264, 29, 0, 2
1638384264, 29, 0, 2
1638384264, 29, 0, 2
1638384264, 29, 0, 2
1638384264, 29, 0, 2
1638384264, 29, 0, 2
1638384264, 29, 0, 2
1638384264, 29, 0, 2
1638384264, 29, 0, 2
1638384264, 29, 0, 2
1638384264, 29, 0, 2
1638384264, 29, 0, 2
1638384264, 29, 0, 2
1638384264, 29, 0, 2
1638384264, 29, 0, 2
1638384264, 29, 0, 2
1638384264, 29, 0, 2
1638384264, 29, 0, 2
1638384264, 29, 0, 2
1638384264, 29, 0, 2
1638384264, 29, 0, 2
1638384264, 29, 0, 2
1638384264, 29, 0, 2
1638384264, 29, 0, 2
1638384264, 29, 0, 2
1638384264, 29, 0, 2
1638384264, 29, 0, 2
1638384264, 29, 0, 2
1638384264, 29, 0, 2
1638384264, 29, 0, 2
1638384264, 29, 0, 2
1638384264, 29, 0, 2
1638384264, 29, 0, 2
1638384264, 29, 0, 2
1638384264, 29, 0, 2
1638384264, 29, 0, 2
1638384264, 29, 0, 2
1638384264, 29, 0, 2
1638384264, 29, 0, 2
1638384264, 29, 0, 2
1638384264, 29, 0, 2
1638384264, 29, 0, 2
1638384264, 29, 0, 2
1638384265, 29, 0, 2
1638384265, 29, 0, 2
1638384265, 29, 0, 2
1638384265, 29, 0, 2
1638384265, 29, 0, 2
1638384265, 29, 0, 2
1638384265, 29, 0, 2
1638384265, 29, 0, 2
1638384265, 29, 0, 2
1638384265, 29, 0, 2
1638384265, 29, 0, 2
1638384265, 29, 0, 2
1638384265, 29, 0, 2
1638384265, 29, 0, 2
1638384265, 29, 0, 2
1638384265, 29, 0, 2
1638384265, 29, 0, 2
1638384265, 30, 0, 2
1638384265, 30, 0, 2
1638384265, 30, 0, 2
1638384265, 30, 0, 2
1638384265, 30, 0, 2
1638384265, 30, 0, 2
1638384265, 30, 0, 2
1638384265, 30, 0, 2
1638384265, 30, 0, 2
1638384265, 30, 0, 2
1638384265, 30, 0, 2
1638384265, 30, 0, 2
1638384265, 30, 0, 2
1638384265, 30, 0, 2
1638384265, 30, 0, 2
1638384265, 30, 0, 2
1638384265, 30, 0, 2
1638384265, 30, 0, 2
1638384265, 30, 0, 2
1638384265, 30, 0, 2
1638384265, 30, 0, 2
1638384265, 30, 0, 2
1638384265, 30, 0, 2
1638384265, 30, 0, 2
1638384265, 30, 0, 2
1638384265, 30, 0, 2
1638384265, 30, 0, 2
1638384265, 30, 0, 2
1638384265, 30, 0, 2
1638384265, 30, 0, 2
1638384265, 30, 0, 2
1638384265, 30, 0, 2
1638384265, 30, 0, 2
1638384266, 30, 0, 2
1638384266, 30, 0, 2
1638384266, 30, 0, 2
1638384266, 30, 0, 2
1638384266, 30, 0, 2
1638384266, 30, 0, 2
1638384266, 30, 0, 2
1638384266, 30, 0, 2
1638384266, 30, 0, 2
1638384266, 30, 0, 2
1638384266, 30, 0, 2
1638384266, 30, 0, 2
1638384266, 30, 0, 2
1638384266, 30, 0, 2
1638384266, 30, 0, 2
1638384266, 30, 0, 2
1638384266, 30, 0, 2
1638384266, 30, 0, 2
1638384266, 30, 0, 2
1638384266, 30, 0, 2
1638384266, 30, 0, 2
1638384266, 30, 0, 2
1638384266, 30, 0, 2
1638384266, 30, 0, 2
1638384266, 30, 0, 2
1638384266, 30, 0, 2
1638384266, 30, 0, 2
1638384266, 30, 0, 2
1638384266, 30, 0, 2
1638384266, 30, 0, 2
1638384266, 30, 0, 2
1638384266, 30, 0, 2
1638384266, 30, 0, 2
1638384266, 30, 0, 2
1638384266, 30, 0, 2
1638384266, 30, 0, 2
1638384266, 30, 0, 2
1638384266, 30, 0, 2
1638384266, 30, 0, 2
1638384266, 30, 0, 2
1638384266, 30, 0, 2
1638384266, 30, 0, 2
1638384266, 30, 0, 2
1638384266, 30, 0, 2
1638384266, 30, 0, 2
1638384266, 30, 0, 2
1638384266, 30, 0, 2
1638384266, 30, 0, 2
1638384266, 30, 0, 2
1638384266, 30, 0, 2
1638384266, 30, 0, 2
1638384266, 30, 0, 2
1638384266, 30, 0, 2
1638384266, 30, 0, 2
1638384266, 30, 0, 2
1638384266, 30, 0, 2
1638384266, 30, 0, 2
1638384266, 30, 0, 2
1638384267, 30, 0, 2
1638384267, 30, 0, 2
1638384267, 30, 0, 2
1638384267, 30, 0, 2
1638384267, 30, 0, 2
1638384267, 30, 0, 2
1638384267, 30, 0, 2
1638384267, 30, 0, 2
1638384267, 30, 0, 2
1638384267, 30, 0, 2
1638384267, 30, 0, 2
1638384267, 30, 0, 2
1638384267, 30, 0, 2
1638384267, 30, 0, 2
1638384267, 30, 0, 2
1638384267, 30, 0, 2
1638384267, 30, 0, 2
1638384267, 30, 0, 2
1638384267, 30, 0, 2
1638384267, 30, 0, 2
1638384267, 30, 0, 2
1638384267, 30, 0, 2
1638384267, 30, 0, 2
1638384267, 30, 0, 2
1638384267, 30, 0, 2
1638384267, 30, 0, 2
1638384267, 30, 0, 2
1638384267, 30, 0, 2
1638384267, 30, 0, 2
1638384267, 30, 0, 2
1638384267, 30, 0, 2
1638384267, 30, 0, 2
1638384267, 30, 0, 2
1638384267, 30, 0, 2
1638384267, 30, 0, 2
1638384267, 30, 0, 2
1638384267, 30, 0, 2
1638384267, 30, 0, 2
1638384267, 30, 0, 2
1638384267, 30, 0, 2
1638384267, 30, 0, 2
1638384267, 30, 0, 2
1638384267, 30, 0, 2
1638384267, 30, 0, 2
1638384267, 30, 0, 2
1638384267, 30, 0, 2
1638384267, 30, 0, 2
1638384267, 30, 0, 2
1638384267, 30, 0, 2
1638384267, 30, 0, 2
1638384267, 30, 0, 2
1638384267, 30, 0, 2
1638384267, 30, 0, 2
1638384267, 30, 0, 2
1638384267, 30, 0, 2
1638384267, 30, 0, 2
1638384267, 30, 0, 2
1638384268, 30, 0, 2
1638384268, 30, 0, 2
1638384268, 30, 0, 2
1638384268, 30, 0, 2
1638384268, 30, 0, 2
1638384268, 30, 0, 2
1638384268, 30, 0, 2
1638384268, 30, 0, 2
1638384268, 30, 0, 2
1638384268, 30, 0, 2
1638384268, 30, 0, 2
1638384268, 30, 0, 2
1638384268, 30, 0, 2
1638384268, 30, 0, 2
1638384268, 30, 0, 2
1638384268, 30, 0, 2
1638384268, 30, 0, 2
1638384268, 30, 0, 2
1638384268, 30, 0, 2
1638384268, 30, 0, 2
1638384268, 30, 0, 2
1638384268, 30, 0, 2
1638384268, 30, 0, 2
1638384268, 30, 0, 2
1638384268, 30, 0, 2
1638384268, 30, 0, 2
1638384268, 30, 0, 2
1638384268, 30, 0, 2
1638384268, 30, 0, 2
1638384268, 30, 0, 2
1638384268, 30, 0, 2
1638384268, 30, 0, 2
1638384268, 30, 0, 2
1638384268, 30, 0, 2
1638384268, 30, 0, 2
1638384268, 30, 0, 2
1638384268, 30, 0, 2
1638384268, 30, 0, 2
1638384268, 30, 0, 2
1638384268, 30, 0, 2
1638384268, 30, 0, 2
1638384268, 30, 0, 2
1638384268, 30, 0, 2
1638384268, 30, 0, 2
1638384268, 30, 0, 2
1638384268, 30, 0, 2
1638384269, 30, 0, 2
1638384269, 30, 0, 2
1638384269, 30, 0, 2
1638384269, 30, 0, 2
1638384269, 30, 0, 2
1638384269, 30, 0, 2
1638384269, 30, 0, 2
1638384269, 30, 0, 2
1638384269, 30, 0, 2
1638384269, 30, 0, 2
1638384269, 30, 0, 2
1638384269, 30, 0, 2
1638384269, 30, 0, 2
1638384269, 30, 0, 2
1638384269, 30, 0, 2
1638384269, 30, 0, 2
1638384269, 30, 0, 2
1638384269, 30, 0, 2
1638384269, 30, 0, 2
1638384269, 30, 0, 2
1638384269, 30, 0, 2
1638384269, 30, 0, 2
1638384269, 30, 0, 2
1638384269, 30, 0, 2
1638384269, 30, 0, 2
1638384269, 30, 0, 2
1638384269, 30, 0, 2
1638384269, 30, 0, 2
1638384269, 30, 0, 2
1638384269, 30, 0, 2
1638384269, 30, 0, 2
1638384269, 30, 0, 2
1638384269, 30, 0, 2
1638384269, 30, 0, 2
1638384269, 30, 0, 2
1638384269, 30, 0, 2
1638384269, 30, 0, 2
1638384269, 30, 0, 2
1638384269, 30, 0, 2
1638384269, 30, 0, 2
1638384269, 30, 0, 2
1638384269, 30, 0, 2
1638384269, 30, 0, 2
1638384269, 30, 0, 2
1638384270, 30, 0, 2
1638384270, 30, 0, 2
1638384270, 30, 0, 2
1638384270, 30, 0, 2
1638384270, 30, 0, 2
1638384270, 30, 0, 2
1638384270, 30, 0, 2
1638384270, 30, 0, 2
1638384270, 30, 0, 2
1638384270, 30, 0, 2
1638384270, 30, 0, 2
1638384270, 30, 0, 2
1638384270, 30, 0, 2
1638384270, 30, 0, 2
1638384270, 30, 0, 2
1638384270, 30, 0, 2
1638384270, 30, 0, 2
1638384270, 30, 0, 2
1638384270, 30, 0, 2
1638384270, 30, 0, 2
1638384270, 30, 0, 2
1638384270, 30, 0, 2
1638384270, 30, 0, 2
1638384270, 30, 0, 2
1638384270, 30, 0, 2
1638384270, 30, 0, 2
1638384270, 30, 0, 2
1638384270, 30, 0, 2
1638384270, 30, 0, 2
1638384270, 30, 0, 2
1638384270, 30, 0, 2
1638384270, 30, 0, 2
1638384270, 30, 0, 2
1638384270, 31, 0, 2
1638384270, 31, 0, 2
1638384270, 31, 0, 2
1638384270, 31, 0, 2
1638384270, 31, 0, 2
1638384270, 31, 0, 2
1638384270, 31, 0, 2
1638384270, 31, 0, 2
1638384270, 31, 0, 2
1638384270, 31, 0, 2
1638384270, 31, 0, 2
1638384270, 31, 0, 2
1638384271, 31, 0, 2
1638384271, 31, 0, 2
1638384271, 31, 0, 2
1638384271, 31, 0, 2
1638384271, 31, 0, 2
1638384271, 31, 0, 2
1638384271, 31, 0, 2
1638384271, 31, 0, 2
1638384271, 31, 0, 2
1638384271, 31, 0, 2
1638384271, 31, 0, 2
1638384271, 31, 0, 2
1638384271, 31, 0, 2
1638384271, 31, 0, 2
1638384271, 31, 0, 2
1638384271, 31, 0, 2
1638384271, 31, 0, 2
1638384271, 31, 0, 2
1638384271, 31, 0, 2
1638384271, 31, 0, 2
1638384271, 31, 0, 2
1638384271, 31, 0, 2
1638384271, 31, 0, 2
1638384271, 31, 0, 2
1638384271, 31, 0, 2
1638384271, 31, 0, 2
1638384271, 31, 0, 2
1638384271, 31, 0, 2
1638384271, 31, 0, 2
1638384271, 31, 0, 2
1638384271, 31, 0, 2
1638384271, 31, 0, 2
1638384271, 31, 0, 2
1638384271, 31, 0, 2
1638384271, 31, 0, 2
1638384271, 31, 0, 2
1638384271, 31, 0, 2
1638384271, 31, 0, 2
1638384271, 31, 0, 2
1638384271, 31, 0, 2
1638384271, 31, 0, 2
1638384272, 31, 0, 2
1638384272, 31, 0, 2
1638384272, 31, 0, 2
1638384272, 31, 0, 2
1638384272, 31, 0, 2
1638384272, 31, 0, 2
1638384272, 31, 0, 2
1638384272, 31, 0, 2
1638384272, 31, 0, 2
1638384272, 31, 0, 2
1638384272, 31, 0, 2
1638384272, 31, 0, 2
1638384272, 31, 0, 2
1638384272, 31, 0, 2
1638384272, 31, 0, 2
1638384272, 31, 0, 2
1638384272, 31, 0, 2
1638384272, 31, 0, 2
1638384272, 31, 0, 2
1638384272, 31, 0, 2
1638384272, 31, 0, 2
1638384272, 31, 0, 2
1638384272, 31, 0, 2
1638384272, 31, 0, 2
1638384272, 31, 0, 2
1638384272, 31, 0, 2
1638384272, 31, 0, 2
1638384272, 31, 0, 2
1638384272, 31, 0, 2
1638384272, 31, 0, 2
1638384272, 31, 0, 2
1638384272, 31, 0, 2
1638384272, 31, 0, 2
1638384272, 31, 0, 2
1638384272, 31, 0, 2
1638384272, 31, 0, 2
1638384272, 31, 0, 2
1638384272, 31, 0, 2
1638384272, 31, 0, 2
1638384272, 31, 0, 2
1638384272, 31, 0, 2
1638384272, 31, 0, 2
1638384272, 31, 0, 2
1638384272, 31, 0, 2
1638384272, 31, 0, 2
1638384272, 31, 0, 2
1638384272, 31, 0, 2
1638384273, 31, 0, 2
1638384273, 31, 0, 2
1638384273, 31, 0, 2
1638384273, 31, 0, 2
1638384273, 31, 0, 2
1638384273, 31, 0, 2
1638384273, 31, 0, 2
1638384273, 31, 0, 2
1638384273, 31, 0, 2
1638384273, 31, 0, 2
1638384273, 31, 0, 2
1638384273, 31, 0, 2
1638384273, 31, 0, 2
1638384273, 31, 0, 2
1638384273, 31, 0, 2
1638384273, 31, 0, 2
1638384273, 31, 0, 2
1638384273, 31, 0, 2
1638384273, 31, 0, 2
1638384273, 31, 0, 2
1638384273, 31, 0, 2
1638384273, 31, 0, 2
1638384273, 31, 0, 2
1638384273, 31, 0, 2
1638384273, 31, 0, 2
1638384273, 31, 0, 2
1638384273, 31, 0, 2
1638384273, 31, 0, 2
1638384273, 31, 0, 2
1638384273, 31, 0, 2
1638384273, 31, 0, 2
1638384273, 31, 0, 2
1638384273, 31, 0, 2
1638384273, 31, 0, 2
1638384273, 31, 0, 2
1638384273, 31, 0, 2
1638384273, 31, 0, 2
1638384273, 31, 0, 2
1638384273, 31, 0, 2
1638384273, 31, 0, 2
1638384273, 31, 0, 2
1638384273, 31, 0, 2
1638384274, 31, 0, 2
1638384274, 31, 0, 2
1638384274, 31, 0, 2
1638384274, 31, 0, 2
1638384274, 31, 0, 2
